d1,e
d2,e
d3,e
d4,p
d5,p
d6,e
d7,e
d8,e
d9,p
d10,p
d11,e
d12,e
d13,e
d14,e
d15,e
d16,p
d17,p
d18,e
d19,e
d20,p
d21,p
d22,e
d23,p
d24,p
d25,p
d26,e
d27,e
d28,p
d29,e
d30,e
d31,p
d32,e
d33,p
d34,p
d35,e
d36,p
d37,p
d38,p
d39,p
d40,e
d41,e
d42,e
d43,e
d44,p
d45,p
d46,p
d47,e
d48,e
d49,p
d50,e
d51,e
d52,e
d53,e
d54,e
d55,p
d56,e
d57,p
d58,e
d59,p
d60,p
d61,p
d62,p
d63,p
d64,e
d65,e
d66,e
d67,p
d68,p
d69,e
d70,p
d71,p
d72,e
d73,p
d74,e
d75,p
d76,p
d77,e
d78,p
d79,e
d80,e
d81,p
d82,p
d83,p
d84,p
d85,e
d86,e
d87,p
d88,p
d89,e
d90,p
d91,p
d92,p
d93,e
d94,p
d95,e
d96,p
d97,p
d98,e
d99,p
d100,e
d101,p
d102,e
d103,e
d104,e
d105,e
d106,p
d107,e
d108,e
d109,p
d110,p
d111,p
d112,p
d113,p
d114,e
d115,p
d116,e
d117,p
d118,p
d119,p
d120,p
d121,e
d122,e
d123,e
d124,e
d125,p
d126,p
d127,p
d128,p
d129,e
d130,p
d131,e
d132,e
d133,e
d134,p
d135,e
d136,p
d137,e
d138,e
d139,p
d140,p
d141,e
d142,p
d143,e
d144,e
d145,p
d146,p
d147,e
d148,p
d149,p
d150,e
d151,e
d152,p
d153,e
d154,e
d155,e
d156,e
d157,p
d158,p
d159,e
d160,e
d161,e
d162,e
d163,e
d164,p
d165,p
d166,e
d167,e
d168,e
d169,p
d170,p
d171,e
d172,p
d173,e
d174,p
d175,p
d176,p
d177,p
d178,e
d179,p
d180,e
d181,e
d182,p
d183,p
d184,p
d185,p
d186,p
d187,e
d188,e
d189,p
d190,e
d191,p
d192,e
d193,e
d194,p
d195,e
d196,p
d197,p
d198,p
d199,e
d200,e
d201,p
d202,p
d203,p
d204,e
d205,p
d206,e
d207,p
d208,p
d209,e
d210,e
d211,e
d212,p
d213,p
d214,p
d215,p
d216,e
d217,p
d218,e
d219,e
d220,e
d221,e
d222,e
d223,e
d224,e
d225,p
d226,e
d227,e
d228,p
d229,e
d230,p
d231,p
d232,p
d233,p
d234,e
d235,e
d236,p
d237,p
d238,e
d239,e
d240,p
d241,p
d242,e
d243,e
d244,p
d245,e
d246,p
d247,e
d248,p
d249,e
d250,e
d251,p
d252,e
d253,p
d254,p
d255,p
d256,e
d257,p
d258,e
d259,e
d260,e
d261,p
d262,p
d263,p
d264,e
d265,p
d266,p
d267,e
d268,p
d269,e
d270,e
d271,e
d272,p
d273,e
d274,e
d275,e
d276,p
d277,e
d278,e
d279,p
d280,p
d281,e
d282,e
d283,p
d284,p
d285,e
d286,p
d287,p
d288,e
d289,p
d290,p
d291,e
d292,p
d293,p
d294,p
d295,e
d296,e
d297,e
d298,p
d299,p
d300,p
d301,e
d302,p
d303,e
d304,p
d305,p
d306,e
d307,p
d308,p
d309,p
d310,e
d311,e
d312,p
d313,e
d314,p
d315,p
d316,e
d317,p
d318,p
d319,p
d320,e
d321,e
d322,p
d323,e
d324,e
d325,e
d326,p
d327,e
d328,e
d329,p
d330,p
d331,p
d332,p
d333,e
d334,p
d335,e
d336,e
d337,p
d338,p
d339,p
d340,p
d341,e
d342,p
d343,p
d344,e
d345,e
d346,e
d347,e
d348,p
d349,e
d350,e
d351,p
d352,e
d353,p
d354,e
d355,e
d356,e
d357,p
d358,e
d359,p
d360,e
d361,p
d362,p
d363,p
d364,e
d365,p
d366,e
d367,p
d368,p
d369,e
d370,e
d371,p
d372,e
d373,e
d374,p
d375,p
d376,p
d377,p
d378,p
d379,p
d380,p
d381,p
d382,e
d383,p
d384,p
d385,p
d386,e
d387,p
d388,p
d389,e
d390,p
d391,p
d392,p
d393,p
d394,e
d395,p
d396,e
d397,p
d398,e
d399,e
d400,p
d401,e
d402,e
d403,p
d404,e
d405,p
d406,e
d407,e
d408,e
d409,e
d410,e
d411,e
d412,e
d413,e
d414,p
d415,e
d416,p
d417,e
d418,e
d419,e
d420,e
d421,e
d422,e
d423,p
d424,p
d425,p
d426,e
d427,e
d428,e
d429,e
d430,p
d431,p
d432,e
d433,p
d434,p
d435,p
d436,p
d437,e
d438,p
d439,e
d440,e
d441,p
d442,e
d443,p
d444,e
d445,p
d446,p
d447,p
d448,p
d449,e
d450,e
d451,e
d452,p
d453,e
d454,p
d455,p
d456,e
d457,e
d458,p
d459,p
d460,e
d461,p
d462,p
d463,e
d464,e
d465,e
d466,p
d467,e
d468,p
d469,p
d470,e
d471,e
d472,p
d473,e
d474,e
d475,e
d476,p
d477,e
d478,e
d479,p
d480,e
d481,p
d482,p
d483,p
d484,p
d485,p
d486,e
d487,p
d488,p
d489,e
d490,e
d491,e
d492,e
d493,p
d494,e
d495,e
d496,p
d497,e
d498,e
d499,e
d500,e
d501,p
d502,p
d503,p
d504,p
d505,e
d506,e
d507,p
d508,p
d509,p
d510,p
d511,p
d512,p
d513,e
d514,e
d515,e
d516,p
d517,e
d518,p
d519,e
d520,e
d521,p
d522,p
d523,p
d524,p
d525,e
d526,e
d527,e
d528,e
d529,p
d530,p
d531,p
d532,p
d533,e
d534,e
d535,p
d536,p
d537,e
d538,p
d539,e
d540,e
d541,e
d542,e
d543,p
d544,e
d545,e
d546,e
d547,e
d548,e
d549,e
d550,p
d551,e
d552,e
d553,p
d554,p
d555,p
d556,e
d557,e
d558,e
d559,p
d560,p
d561,p
d562,p
d563,p
d564,e
d565,e
d566,e
d567,p
d568,p
d569,e
d570,e
d571,p
d572,e
d573,p
d574,e
d575,p
d576,p
d577,p
d578,e
d579,p
d580,p
d581,p
d582,p
d583,e
d584,p
d585,p
d586,e
d587,e
d588,e
d589,e
d590,e
d591,p
d592,e
d593,e
d594,p
d595,p
d596,e
d597,e
d598,e
d599,p
d600,p
d601,p
d602,e
d603,e
d604,p
d605,e
d606,p
d607,e
d608,p
d609,p
d610,e
d611,p
d612,p
d613,e
d614,e
d615,e
d616,e
d617,p
d618,p
d619,e
d620,e
d621,p
d622,p
d623,p
d624,e
d625,e
d626,e
d627,p
d628,e
d629,e
d630,e
d631,p
d632,e
d633,e
d634,p
d635,p
d636,p
d637,e
d638,e
d639,e
d640,p
d641,e
d642,e
d643,e
d644,e
d645,p
d646,e
d647,e
d648,e
d649,p
d650,e
d651,p
d652,e
d653,p
d654,e
d655,p
d656,e
d657,p
d658,e
d659,p
d660,e
d661,p
d662,p
d663,p
d664,p
d665,p
d666,e
d667,e
d668,e
d669,p
d670,e
d671,p
d672,e
d673,p
d674,p
d675,p
d676,p
d677,p
d678,e
d679,e
d680,p
d681,e
d682,e
d683,p
d684,p
d685,p
d686,p
d687,p
d688,e
d689,e
d690,e
d691,p
d692,p
d693,p
d694,p
d695,p
d696,e
d697,e
d698,e
d699,p
d700,p
d701,p
d702,p
d703,e
d704,e
d705,e
d706,e
d707,e
d708,e
d709,p
d710,e
d711,e
d712,e
d713,e
d714,p
d715,p
d716,p
d717,e
d718,p
d719,p
d720,p
d721,p
d722,p
d723,e
d724,e
d725,p
d726,e
d727,p
d728,e
d729,p
d730,p
d731,p
d732,e
d733,e
d734,e
d735,e
d736,p
d737,e
d738,p
d739,p
d740,p
d741,e
d742,p
d743,p
d744,e
d745,e
d746,p
d747,e
d748,p
d749,p
d750,e
d751,e
d752,p
d753,e
d754,p
d755,e
d756,p
d757,p
d758,p
d759,p
d760,p
d761,p
d762,e
d763,e
d764,p
d765,p
d766,e
d767,e
d768,e
d769,e
d770,p
d771,e
d772,p
d773,e
d774,p
d775,e
d776,e
d777,e
d778,e
d779,e
d780,e
d781,p
d782,e
d783,e
d784,e
d785,p
d786,e
d787,e
d788,p
d789,e
d790,e
d791,p
d792,p
d793,e
d794,e
d795,e
d796,p
d797,p
d798,e
d799,p
d800,e
d801,e
d802,p
d803,e
d804,e
d805,p
d806,p
d807,p
d808,p
d809,p
d810,p
d811,e
d812,p
d813,p
d814,p
d815,e
d816,e
d817,e
d818,p
d819,e
d820,e
d821,p
d822,e
d823,e
d824,e
d825,p
d826,e
d827,p
d828,e
d829,p
d830,p
d831,p
d832,e
d833,e
d834,p
d835,e
d836,p
d837,p
d838,p
d839,p
d840,p
d841,p
d842,e
d843,p
d844,p
d845,e
d846,e
d847,p
d848,p
d849,e
d850,p
d851,p
d852,e
d853,e
d854,e
d855,e
d856,e
d857,e
d858,p
d859,p
d860,e
d861,p
d862,e
d863,e
d864,e
d865,p
d866,e
d867,p
d868,e
d869,e
d870,p
d871,e
d872,e
d873,e
d874,p
d875,e
d876,e
d877,e
d878,e
d879,e
d880,p
d881,e
d882,p
d883,e
d884,e
d885,e
d886,e
d887,p
d888,p
d889,e
d890,e
d891,e
d892,e
d893,p
d894,p
d895,e
d896,e
d897,p
d898,e
d899,p
d900,p
d901,e
d902,e
d903,p
d904,p
d905,p
d906,p
d907,e
d908,p
d909,e
d910,p
d911,e
d912,e
d913,p
d914,e
d915,p
d916,p
d917,e
d918,e
d919,e
d920,p
d921,e
d922,p
d923,p
d924,e
d925,p
d926,p
d927,e
d928,p
d929,p
d930,p
d931,e
d932,p
d933,e
d934,p
d935,e
d936,e
d937,e
d938,e
d939,e
d940,e
d941,p
d942,p
d943,e
d944,e
d945,e
d946,e
d947,e
d948,p
d949,p
d950,p
d951,p
d952,e
d953,p
d954,e
d955,e
d956,e
d957,e
d958,p
d959,e
d960,e
d961,e
d962,e
d963,e
d964,e
d965,e
d966,e
d967,e
d968,e
d969,e
d970,p
d971,p
d972,e
d973,e
d974,e
d975,p
d976,e
d977,p
d978,e
d979,e
d980,e
d981,e
d982,e
d983,p
d984,e
d985,p
d986,e
d987,e
d988,p
d989,e
d990,p
d991,p
d992,e
d993,p
d994,e
d995,p
d996,p
d997,e
d998,p
d999,e
d1000,e
d1001,e
d1002,e
d1003,p
d1004,e
d1005,p
d1006,p
d1007,e
d1008,e
d1009,p
d1010,e
d1011,e
d1012,e
d1013,e
d1014,p
d1015,e
d1016,p
d1017,p
d1018,p
d1019,e
d1020,e
d1021,p
d1022,p
d1023,p
d1024,e
d1025,p
d1026,p
d1027,p
d1028,p
d1029,e
d1030,p
d1031,e
d1032,e
d1033,e
d1034,p
d1035,p
d1036,e
d1037,p
d1038,e
d1039,p
d1040,p
d1041,e
d1042,e
d1043,e
d1044,e
d1045,e
d1046,p
d1047,e
d1048,p
d1049,p
d1050,e
d1051,e
d1052,e
d1053,e
d1054,p
d1055,e
d1056,p
d1057,p
d1058,p
d1059,p
d1060,e
d1061,e
d1062,e
d1063,e
d1064,p
d1065,p
d1066,e
d1067,e
d1068,p
d1069,e
d1070,p
d1071,e
d1072,p
d1073,e
d1074,e
d1075,e
d1076,p
d1077,e
d1078,p
d1079,e
d1080,p
d1081,p
d1082,p
d1083,p
d1084,e
d1085,e
d1086,p
d1087,p
d1088,p
d1089,e
d1090,e
d1091,e
d1092,e
d1093,p
d1094,e
d1095,e
d1096,e
d1097,e
d1098,e
d1099,p
d1100,p
d1101,p
d1102,p
d1103,e
d1104,p
d1105,e
d1106,e
d1107,p
d1108,e
d1109,p
d1110,p
d1111,e
d1112,e
d1113,p
d1114,p
d1115,p
d1116,e
d1117,e
d1118,p
d1119,p
d1120,p
d1121,p
d1122,e
d1123,e
d1124,e
d1125,e
d1126,e
d1127,e
d1128,e
d1129,p
d1130,e
d1131,e
d1132,p
d1133,e
d1134,e
d1135,p
d1136,e
d1137,e
d1138,p
d1139,p
d1140,e
d1141,e
d1142,p
d1143,p
d1144,e
d1145,e
d1146,p
d1147,e
d1148,e
d1149,p
d1150,p
d1151,e
d1152,p
d1153,e
d1154,p
d1155,p
d1156,e
d1157,p
d1158,p
d1159,p
d1160,e
d1161,e
d1162,p
d1163,p
d1164,p
d1165,p
d1166,p
d1167,p
d1168,e
d1169,p
d1170,p
d1171,e
d1172,p
d1173,p
d1174,e
d1175,e
d1176,p
d1177,p
d1178,e
d1179,e
d1180,e
d1181,p
d1182,p
d1183,p
d1184,p
d1185,e
d1186,p
d1187,e
d1188,e
d1189,e
d1190,e
d1191,e
d1192,p
d1193,e
d1194,p
d1195,e
d1196,p
d1197,e
d1198,p
d1199,p
d1200,e
d1201,p
d1202,p
d1203,p
d1204,p
d1205,e
d1206,p
d1207,p
d1208,p
d1209,p
d1210,p
d1211,e
d1212,e
d1213,p
d1214,p
d1215,e
d1216,p
d1217,e
d1218,p
d1219,e
d1220,e
d1221,e
d1222,e
d1223,p
d1224,e
d1225,p
d1226,e
d1227,p
d1228,p
d1229,p
d1230,e
d1231,e
d1232,e
d1233,e
d1234,e
d1235,e
d1236,e
d1237,e
d1238,p
d1239,p
d1240,e
d1241,p
d1242,p
d1243,e
d1244,p
d1245,p
d1246,e
d1247,p
d1248,e
d1249,p
d1250,e
d1251,e
d1252,e
d1253,e
d1254,e
d1255,p
d1256,e
d1257,e
d1258,p
d1259,e
d1260,e
d1261,e
d1262,p
d1263,p
d1264,e
d1265,e
d1266,e
d1267,e
d1268,e
d1269,p
d1270,p
d1271,p
d1272,p
d1273,e
d1274,e
d1275,p
d1276,p
d1277,p
d1278,e
d1279,p
d1280,e
d1281,p
d1282,e
d1283,p
d1284,p
d1285,e
d1286,p
d1287,p
d1288,e
d1289,e
d1290,e
d1291,p
d1292,e
d1293,e
d1294,e
d1295,p
d1296,p
d1297,e
d1298,p
d1299,p
d1300,p
d1301,p
d1302,e
d1303,p
d1304,p
d1305,p
d1306,e
d1307,p
d1308,p
d1309,e
d1310,p
d1311,p
d1312,p
d1313,e
d1314,e
d1315,e
d1316,p
d1317,p
d1318,p
d1319,p
d1320,e
d1321,p
d1322,p
d1323,e
d1324,e
d1325,e
d1326,p
d1327,p
d1328,p
d1329,p
d1330,e
d1331,e
d1332,e
d1333,p
d1334,e
d1335,p
d1336,e
d1337,e
d1338,p
d1339,e
d1340,p
d1341,e
d1342,p
d1343,e
d1344,e
d1345,p
d1346,p
d1347,e
d1348,p
d1349,e
d1350,e
d1351,p
d1352,p
d1353,e
d1354,e
d1355,e
d1356,e
d1357,p
d1358,p
d1359,e
d1360,e
d1361,e
d1362,p
d1363,e
d1364,p
d1365,p
d1366,p
d1367,p
d1368,p
d1369,p
d1370,e
d1371,e
d1372,e
d1373,e
d1374,p
d1375,e
d1376,p
d1377,p
d1378,p
d1379,p
d1380,e
d1381,p
d1382,p
d1383,e
d1384,e
d1385,p
d1386,e
d1387,e
d1388,p
d1389,p
d1390,e
d1391,e
d1392,p
d1393,e
d1394,e
d1395,e
d1396,p
d1397,e
d1398,p
d1399,e
d1400,e
d1401,p
d1402,e
d1403,e
d1404,p
d1405,p
d1406,e
d1407,e
d1408,p
d1409,p
d1410,p
d1411,p
d1412,p
d1413,e
d1414,p
d1415,p
d1416,e
d1417,e
d1418,p
d1419,p
d1420,e
d1421,p
d1422,e
d1423,e
d1424,p
d1425,e
d1426,e
d1427,e
d1428,e
d1429,e
d1430,e
d1431,e
d1432,p
d1433,p
d1434,p
d1435,p
d1436,e
d1437,p
d1438,e
d1439,p
d1440,p
d1441,p
d1442,p
d1443,p
d1444,p
d1445,p
d1446,e
d1447,p
d1448,e
d1449,p
d1450,p
d1451,e
d1452,p
d1453,e
d1454,e
d1455,e
d1456,p
d1457,e
d1458,e
d1459,e
d1460,p
d1461,e
d1462,p
d1463,e
d1464,e
d1465,e
d1466,e
d1467,e
d1468,p
d1469,p
d1470,e
d1471,p
d1472,p
d1473,p
d1474,e
d1475,e
d1476,p
d1477,e
d1478,p
d1479,e
d1480,p
d1481,e
d1482,p
d1483,p
d1484,p
d1485,e
d1486,e
d1487,e
d1488,p
d1489,p
d1490,e
d1491,e
d1492,e
d1493,e
d1494,e
d1495,e
d1496,p
d1497,e
d1498,e
d1499,e
d1500,p
d1501,p
d1502,p
d1503,p
d1504,e
d1505,p
d1506,e
d1507,p
d1508,p
d1509,p
d1510,e
d1511,e
d1512,p
d1513,p
d1514,p
d1515,e
d1516,p
d1517,e
d1518,p
d1519,e
d1520,p
d1521,p
d1522,p
d1523,e
d1524,e
d1525,p
d1526,e
d1527,e
d1528,e
d1529,e
d1530,e
d1531,p
d1532,p
d1533,e
d1534,e
d1535,e
d1536,e
d1537,e
d1538,e
d1539,p
d1540,p
d1541,p
d1542,p
d1543,p
d1544,p
d1545,e
d1546,e
d1547,e
d1548,e
d1549,p
d1550,e
d1551,e
d1552,e
d1553,e
d1554,p
d1555,p
d1556,e
d1557,p
d1558,e
d1559,p
d1560,p
d1561,e
d1562,e
d1563,e
d1564,e
d1565,p
d1566,e
d1567,p
d1568,p
d1569,p
d1570,e
d1571,e
d1572,p
d1573,p
d1574,p
d1575,p
d1576,e
d1577,e
d1578,e
d1579,p
d1580,e
d1581,p
d1582,e
d1583,e
d1584,e
d1585,p
d1586,p
d1587,p
d1588,e
d1589,e
d1590,e
d1591,p
d1592,e
d1593,e
d1594,p
d1595,p
d1596,p
d1597,p
d1598,p
d1599,p
d1600,p
d1601,p
d1602,p
d1603,e
d1604,e
d1605,e
d1606,p
d1607,p
d1608,p
d1609,p
d1610,e
d1611,e
d1612,e
d1613,p
d1614,e
d1615,e
d1616,p
d1617,p
d1618,p
d1619,p
d1620,e
d1621,p
d1622,e
d1623,p
d1624,e
d1625,e
d1626,e
d1627,e
d1628,e
d1629,p
d1630,p
d1631,p
d1632,e
d1633,e
d1634,e
d1635,e
d1636,e
d1637,p
d1638,e
d1639,e
d1640,p
d1641,e
d1642,e
d1643,p
d1644,e
d1645,p
d1646,p
d1647,p
d1648,e
d1649,e
d1650,e
d1651,p
d1652,e
d1653,p
d1654,p
d1655,p
d1656,e
d1657,p
d1658,p
d1659,e
d1660,e
d1661,p
d1662,e
d1663,p
d1664,e
d1665,e
d1666,p
d1667,e
d1668,p
d1669,p
d1670,e
d1671,e
d1672,e
d1673,e
d1674,p
d1675,p
d1676,e
d1677,e
d1678,p
d1679,p
d1680,e
d1681,p
d1682,e
d1683,e
d1684,e
d1685,p
d1686,p
d1687,p
d1688,e
d1689,e
d1690,e
d1691,p
d1692,e
d1693,p
d1694,e
d1695,p
d1696,p
d1697,p
d1698,p
d1699,e
d1700,p
d1701,p
d1702,e
d1703,p
d1704,p
d1705,e
d1706,e
d1707,e
d1708,e
d1709,e
d1710,e
d1711,e
d1712,e
d1713,e
d1714,e
d1715,e
d1716,p
d1717,e
d1718,p
d1719,p
d1720,e
d1721,p
d1722,e
d1723,p
d1724,e
d1725,e
d1726,e
d1727,p
d1728,p
d1729,e
d1730,e
d1731,e
d1732,e
d1733,p
d1734,p
d1735,e
d1736,p
d1737,e
d1738,e
d1739,e
d1740,e
d1741,p
d1742,e
d1743,e
d1744,e
d1745,p
d1746,e
d1747,p
d1748,e
d1749,e
d1750,e
d1751,p
d1752,e
d1753,e
d1754,e
d1755,e
d1756,p
d1757,p
d1758,e
d1759,p
d1760,e
d1761,p
d1762,e
d1763,e
d1764,e
d1765,e
d1766,e
d1767,p
d1768,p
d1769,p
d1770,p
d1771,p
d1772,p
d1773,e
d1774,e
d1775,p
d1776,p
d1777,p
d1778,e
d1779,e
d1780,e
d1781,e
d1782,e
d1783,p
d1784,e
d1785,p
d1786,p
d1787,p
d1788,p
d1789,e
d1790,p
d1791,e
d1792,e
d1793,p
d1794,p
d1795,e
d1796,p
d1797,e
d1798,e
d1799,e
d1800,p
d1801,p
d1802,p
d1803,e
d1804,e
d1805,p
d1806,e
d1807,p
d1808,e
d1809,e
d1810,e
d1811,e
d1812,e
d1813,e
d1814,p
d1815,p
d1816,e
d1817,e
d1818,e
d1819,e
d1820,e
d1821,p
d1822,e
d1823,p
d1824,e
d1825,p
d1826,e
d1827,p
d1828,e
d1829,e
d1830,e
d1831,p
d1832,p
d1833,e
d1834,e
d1835,e
d1836,e
d1837,p
d1838,e
d1839,e
d1840,e
d1841,e
d1842,p
d1843,p
d1844,e
d1845,e
d1846,e
d1847,p
d1848,e
d1849,e
d1850,e
d1851,p
d1852,e
d1853,p
d1854,p
d1855,p
d1856,e
d1857,p
d1858,e
d1859,e
d1860,p
d1861,e
d1862,p
d1863,p
d1864,e
d1865,e
d1866,e
d1867,e
d1868,e
d1869,e
d1870,e
d1871,p
d1872,p
d1873,p
d1874,p
d1875,p
d1876,p
d1877,e
d1878,p
d1879,p
d1880,e
d1881,e
d1882,e
d1883,p
d1884,e
d1885,e
d1886,e
d1887,p
d1888,e
d1889,e
d1890,e
d1891,p
d1892,p
d1893,p
d1894,p
d1895,e
d1896,p
d1897,e
d1898,p
d1899,p
d1900,e
d1901,p
d1902,e
d1903,e
d1904,e
d1905,e
d1906,p
d1907,e
d1908,e
d1909,p
d1910,e
d1911,p
d1912,e
d1913,e
d1914,p
d1915,e
d1916,e
d1917,p
d1918,e
d1919,e
d1920,e
d1921,e
d1922,p
d1923,e
d1924,e
d1925,p
d1926,e
d1927,p
d1928,p
d1929,p
d1930,p
d1931,e
d1932,e
d1933,p
d1934,p
d1935,p
d1936,p
d1937,e
d1938,p
d1939,p
d1940,e
d1941,e
d1942,p
d1943,e
d1944,e
d1945,e
d1946,e
d1947,p
d1948,e
d1949,e
d1950,p
d1951,p
d1952,p
d1953,p
d1954,p
d1955,e
d1956,p
d1957,e
d1958,p
d1959,p
d1960,e
d1961,e
d1962,p
d1963,e
d1964,e
d1965,p
d1966,p
d1967,e
d1968,p
d1969,p
d1970,e
d1971,e
d1972,e
d1973,p
d1974,p
d1975,e
d1976,e
d1977,p
d1978,p
d1979,p
d1980,e
d1981,p
d1982,p
d1983,p
d1984,e
d1985,e
d1986,e
d1987,p
d1988,e
d1989,e
d1990,p
d1991,e
d1992,p
d1993,e
d1994,e
d1995,e
d1996,p
d1997,e
d1998,p
d1999,e
d2000,e
d2001,p
d2002,p
d2003,e
d2004,e
d2005,e
d2006,p
d2007,p
d2008,e
d2009,p
d2010,p
d2011,e
d2012,e
d2013,p
d2014,e
d2015,e
d2016,e
d2017,e
d2018,p
d2019,e
d2020,p
d2021,e
d2022,e
d2023,p
d2024,e
d2025,e
d2026,p
d2027,p
d2028,e
d2029,e
d2030,p
d2031,e
d2032,p
d2033,p
d2034,e
d2035,p
d2036,p
d2037,p
d2038,p
d2039,p
d2040,e
d2041,e
d2042,e
d2043,e
d2044,e
d2045,e
d2046,e
d2047,e
d2048,e
d2049,e
d2050,p
d2051,e
d2052,p
d2053,p
d2054,p
d2055,p
d2056,p
d2057,p
d2058,e
d2059,p
d2060,e
d2061,e
d2062,e
d2063,p
d2064,e
d2065,e
d2066,p
d2067,p
d2068,p
d2069,p
d2070,p
d2071,p
d2072,e
d2073,p
d2074,p
d2075,e
d2076,p
d2077,e
d2078,p
d2079,e
d2080,p
d2081,p
d2082,p
d2083,e
d2084,p
d2085,e
d2086,p
d2087,e
d2088,e
d2089,e
d2090,p
d2091,p
d2092,p
d2093,e
d2094,p
d2095,e
d2096,p
d2097,e
d2098,p
d2099,e
d2100,p
d2101,p
d2102,e
d2103,e
d2104,p
d2105,p
d2106,e
d2107,e
d2108,e
d2109,p
d2110,e
d2111,e
d2112,p
d2113,e
d2114,e
d2115,e
d2116,e
d2117,p
d2118,e
d2119,e
d2120,e
d2121,e
d2122,e
d2123,e
d2124,p
d2125,e
d2126,e
d2127,e
d2128,e
d2129,p
d2130,e
d2131,p
d2132,e
d2133,e
d2134,e
d2135,p
d2136,p
d2137,p
d2138,e
d2139,p
d2140,p
d2141,p
d2142,e
d2143,e
d2144,e
d2145,e
d2146,e
d2147,p
d2148,e
d2149,e
d2150,e
d2151,p
d2152,p
d2153,p
d2154,p
d2155,e
d2156,p
d2157,e
d2158,e
d2159,p
d2160,p
d2161,p
d2162,p
d2163,e
d2164,p
d2165,p
d2166,p
d2167,p
d2168,p
d2169,p
d2170,p
d2171,e
d2172,p
d2173,p
d2174,e
d2175,e
d2176,p
d2177,p
d2178,e
d2179,p
d2180,e
d2181,e
d2182,p
d2183,p
d2184,p
d2185,e
d2186,e
d2187,p
d2188,e
d2189,p
d2190,e
d2191,p
d2192,p
d2193,e
d2194,p
d2195,e
d2196,e
d2197,p
d2198,p
d2199,p
d2200,e
d2201,e
d2202,p
d2203,e
d2204,p
d2205,e
d2206,p
d2207,p
d2208,e
d2209,p
d2210,p
d2211,e
d2212,p
d2213,e
d2214,e
d2215,e
d2216,p
d2217,e
d2218,p
d2219,p
d2220,p
d2221,e
d2222,e
d2223,e
d2224,e
d2225,p
d2226,p
d2227,e
d2228,e
d2229,e
d2230,e
d2231,p
d2232,p
d2233,e
d2234,e
d2235,p
d2236,e
d2237,e
d2238,p
d2239,p
d2240,p
d2241,p
d2242,e
d2243,e
d2244,p
d2245,e
d2246,p
d2247,e
d2248,p
d2249,e
d2250,e
d2251,p
d2252,p
d2253,e
d2254,e
d2255,p
d2256,e
d2257,e
d2258,p
d2259,e
d2260,e
d2261,e
d2262,e
d2263,e
d2264,e
d2265,e
d2266,e
d2267,e
d2268,e
d2269,e
d2270,e
d2271,p
d2272,p
d2273,p
d2274,e
d2275,e
d2276,e
d2277,e
d2278,e
d2279,p
d2280,p
d2281,p
d2282,e
d2283,p
d2284,p
d2285,e
d2286,e
d2287,p
d2288,p
d2289,e
d2290,p
d2291,e
d2292,e
d2293,e
d2294,e
d2295,e
d2296,e
d2297,p
d2298,p
d2299,e
d2300,p
d2301,e
d2302,p
d2303,e
d2304,e
d2305,e
d2306,e
d2307,p
d2308,e
d2309,e
d2310,e
d2311,e
d2312,e
d2313,p
d2314,p
d2315,p
d2316,e
d2317,p
d2318,p
d2319,e
d2320,p
d2321,p
d2322,e
d2323,p
d2324,p
d2325,p
d2326,e
d2327,e
d2328,e
d2329,p
d2330,e
d2331,e
d2332,e
d2333,e
d2334,e
d2335,p
d2336,e
d2337,p
d2338,e
d2339,p
d2340,e
d2341,e
d2342,p
d2343,p
d2344,p
d2345,e
d2346,p
d2347,e
d2348,e
d2349,e
d2350,p
d2351,e
d2352,e
d2353,e
d2354,p
d2355,p
d2356,e
d2357,e
d2358,e
d2359,e
d2360,p
d2361,e
d2362,p
d2363,p
d2364,p
d2365,e
d2366,e
d2367,p
d2368,p
d2369,e
d2370,p
d2371,p
d2372,p
d2373,p
d2374,e
d2375,e
d2376,e
d2377,e
d2378,p
d2379,p
d2380,p
d2381,e
d2382,p
d2383,e
d2384,p
d2385,e
d2386,e
d2387,p
d2388,p
d2389,e
d2390,e
d2391,p
d2392,e
d2393,p
d2394,p
d2395,p
d2396,p
d2397,e
d2398,e
d2399,p
d2400,p
d2401,e
d2402,e
d2403,p
d2404,p
d2405,p
d2406,p
d2407,e
d2408,p
d2409,e
d2410,p
d2411,p
d2412,e
d2413,p
d2414,e
d2415,e
d2416,p
d2417,e
d2418,e
d2419,p
d2420,p
d2421,p
d2422,p
d2423,p
d2424,e
d2425,p
d2426,e
d2427,p
d2428,e
d2429,p
d2430,p
d2431,e
d2432,p
d2433,p
d2434,p
d2435,p
d2436,p
d2437,p
d2438,e
d2439,p
d2440,p
d2441,e
d2442,e
d2443,p
d2444,e
d2445,e
d2446,p
d2447,e
d2448,p
d2449,p
d2450,p
d2451,e
d2452,p
d2453,e
d2454,p
d2455,p
d2456,p
d2457,e
d2458,e
d2459,p
d2460,e
d2461,p
d2462,e
d2463,e
d2464,e
d2465,p
d2466,p
d2467,p
d2468,p
d2469,e
d2470,p
d2471,p
d2472,p
d2473,e
d2474,p
d2475,e
d2476,e
d2477,e
d2478,p
d2479,e
d2480,e
d2481,p
d2482,p
d2483,p
d2484,p
d2485,e
d2486,e
d2487,p
d2488,p
d2489,p
d2490,p
d2491,e
d2492,p
d2493,e
d2494,e
d2495,p
d2496,e
d2497,e
d2498,p
d2499,p
d2500,p
d2501,p
d2502,p
d2503,e
d2504,p
d2505,p
d2506,e
d2507,p
d2508,p
d2509,p
d2510,e
d2511,e
d2512,e
d2513,p
d2514,e
d2515,p
d2516,p
d2517,p
d2518,p
d2519,e
d2520,p
d2521,p
d2522,e
d2523,e
d2524,e
d2525,p
d2526,e
d2527,p
d2528,e
d2529,e
d2530,e
d2531,p
d2532,e
d2533,p
d2534,p
d2535,p
d2536,e
d2537,e
d2538,e
d2539,e
d2540,e
d2541,e
d2542,e
d2543,p
d2544,e
d2545,e
d2546,p
d2547,e
d2548,p
d2549,p
d2550,p
d2551,p
d2552,p
d2553,p
d2554,e
d2555,e
d2556,e
d2557,e
d2558,p
d2559,p
d2560,p
d2561,p
d2562,e
d2563,e
d2564,e
d2565,p
d2566,p
d2567,e
d2568,e
d2569,e
d2570,e
d2571,e
d2572,p
d2573,p
d2574,e
d2575,e
d2576,p
d2577,e
d2578,p
d2579,e
d2580,e
d2581,p
d2582,p
d2583,e
d2584,p
d2585,p
d2586,e
d2587,p
d2588,e
d2589,p
d2590,e
d2591,e
d2592,e
d2593,e
d2594,e
d2595,p
d2596,p
d2597,e
d2598,p
d2599,p
d2600,e
d2601,e
d2602,e
d2603,e
d2604,e
d2605,p
d2606,p
d2607,e
d2608,e
d2609,e
d2610,e
d2611,e
d2612,e
d2613,e
d2614,p
d2615,p
d2616,e
d2617,e
d2618,e
d2619,e
d2620,p
d2621,e
d2622,p
d2623,p
d2624,p
d2625,e
d2626,e
d2627,p
d2628,p
d2629,e
d2630,p
d2631,p
d2632,e
d2633,e
d2634,p
d2635,e
d2636,p
d2637,p
d2638,p
d2639,p
d2640,p
d2641,p
d2642,p
d2643,e
d2644,e
d2645,e
d2646,p
d2647,e
d2648,p
d2649,p
d2650,e
d2651,e
d2652,p
d2653,e
d2654,e
d2655,e
d2656,e
d2657,p
d2658,p
d2659,e
d2660,e
d2661,e
d2662,p
d2663,e
d2664,p
d2665,p
d2666,p
d2667,e
d2668,e
d2669,p
d2670,p
d2671,p
d2672,e
d2673,p
d2674,e
d2675,e
d2676,e
d2677,e
d2678,p
d2679,p
d2680,p
d2681,p
d2682,p
d2683,p
d2684,p
d2685,p
d2686,e
d2687,e
d2688,p
d2689,p
d2690,e
d2691,e
d2692,p
d2693,e
d2694,p
d2695,e
d2696,e
d2697,p
d2698,p
d2699,p
d2700,p
d2701,e
d2702,p
d2703,p
d2704,p
d2705,p
d2706,p
d2707,e
d2708,e
d2709,e
d2710,p
d2711,p
d2712,p
d2713,p
d2714,p
d2715,p
d2716,e
d2717,e
d2718,p
d2719,e
d2720,p
d2721,e
d2722,e
d2723,p
d2724,e
d2725,p
d2726,p
d2727,p
d2728,e
d2729,p
d2730,p
d2731,p
d2732,p
d2733,e
d2734,p
d2735,p
d2736,p
d2737,e
d2738,p
d2739,e
d2740,e
d2741,p
d2742,e
d2743,p
d2744,e
d2745,p
d2746,e
d2747,p
d2748,p
d2749,p
d2750,e
d2751,e
d2752,p
d2753,e
d2754,e
d2755,p
d2756,p
d2757,p
d2758,p
d2759,p
d2760,e
d2761,e
d2762,e
d2763,e
d2764,p
d2765,e
d2766,p
d2767,p
d2768,e
d2769,p
d2770,e
d2771,e
d2772,e
d2773,e
d2774,e
d2775,p
d2776,p
d2777,e
d2778,p
d2779,p
d2780,e
d2781,e
d2782,p
d2783,p
d2784,p
d2785,e
d2786,p
d2787,e
d2788,p
d2789,e
d2790,p
d2791,p
d2792,e
d2793,e
d2794,p
d2795,e
d2796,e
d2797,e
d2798,p
d2799,p
d2800,p
d2801,e
d2802,p
d2803,p
d2804,p
d2805,p
d2806,e
d2807,e
d2808,e
d2809,e
d2810,e
d2811,e
d2812,e
d2813,e
d2814,p
d2815,e
d2816,p
d2817,e
d2818,e
d2819,p
d2820,e
d2821,e
d2822,e
d2823,e
d2824,p
d2825,e
d2826,p
d2827,e
d2828,e
d2829,p
d2830,e
d2831,e
d2832,p
d2833,p
d2834,e
d2835,p
d2836,e
d2837,p
d2838,e
d2839,p
d2840,p
d2841,e
d2842,e
d2843,e
d2844,p
d2845,e
d2846,p
d2847,p
d2848,e
d2849,e
d2850,e
d2851,p
d2852,p
d2853,e
d2854,e
d2855,p
d2856,e
d2857,e
d2858,p
d2859,e
d2860,e
d2861,e
d2862,p
d2863,p
d2864,e
d2865,p
d2866,e
d2867,p
d2868,p
d2869,p
d2870,e
d2871,e
d2872,e
d2873,p
d2874,e
d2875,p
d2876,p
d2877,p
d2878,p
d2879,e
d2880,p
d2881,e
d2882,p
d2883,p
d2884,p
d2885,p
d2886,p
d2887,e
d2888,e
d2889,p
d2890,e
d2891,p
d2892,e
d2893,e
d2894,p
d2895,p
d2896,p
d2897,p
d2898,p
d2899,e
d2900,p
d2901,p
d2902,e
d2903,e
d2904,e
d2905,p
d2906,e
d2907,p
d2908,e
d2909,p
d2910,e
d2911,e
d2912,p
d2913,p
d2914,p
d2915,p
d2916,p
d2917,p
d2918,e
d2919,e
d2920,p
d2921,p
d2922,e
d2923,p
d2924,p
d2925,p
d2926,e
d2927,p
d2928,e
d2929,p
d2930,e
d2931,p
d2932,e
d2933,e
d2934,e
d2935,p
d2936,e
d2937,e
d2938,e
d2939,p
d2940,p
d2941,p
d2942,p
d2943,e
d2944,p
d2945,e
d2946,p
d2947,p
d2948,e
d2949,p
d2950,e
d2951,p
d2952,e
d2953,e
d2954,e
d2955,e
d2956,p
d2957,e
d2958,p
d2959,e
d2960,e
d2961,e
d2962,p
d2963,e
d2964,p
d2965,e
d2966,p
d2967,p
d2968,p
d2969,e
d2970,e
d2971,e
d2972,e
d2973,e
d2974,e
d2975,e
d2976,p
d2977,e
d2978,p
d2979,e
d2980,e
d2981,p
d2982,e
d2983,p
d2984,p
d2985,p
d2986,p
d2987,e
d2988,p
d2989,e
d2990,e
d2991,p
d2992,e
d2993,p
d2994,e
d2995,e
d2996,e
d2997,p
d2998,e
d2999,e
d3000,e
d3001,p
d3002,e
d3003,p
d3004,p
d3005,p
d3006,e
d3007,e
d3008,e
d3009,e
d3010,p
d3011,p
d3012,e
d3013,e
d3014,e
d3015,e
d3016,p
d3017,e
d3018,e
d3019,e
d3020,e
d3021,e
d3022,e
d3023,e
d3024,e
d3025,p
d3026,e
d3027,e
d3028,p
d3029,e
d3030,e
d3031,e
d3032,e
d3033,p
d3034,p
d3035,p
d3036,p
d3037,p
d3038,p
d3039,p
d3040,e
d3041,p
d3042,e
d3043,e
d3044,p
d3045,e
d3046,p
d3047,e
d3048,p
d3049,p
d3050,p
d3051,e
d3052,p
d3053,p
d3054,p
d3055,e
d3056,e
d3057,e
d3058,e
d3059,e
d3060,e
d3061,e
d3062,e
d3063,e
d3064,e
d3065,e
d3066,p
d3067,e
d3068,p
d3069,e
d3070,p
d3071,e
d3072,p
d3073,p
d3074,p
d3075,e
d3076,e
d3077,p
d3078,e
d3079,p
d3080,p
d3081,e
d3082,p
d3083,p
d3084,e
d3085,p
d3086,e
d3087,e
d3088,p
d3089,p
d3090,p
d3091,e
d3092,p
d3093,p
d3094,e
d3095,e
d3096,p
d3097,p
d3098,e
d3099,e
d3100,e
d3101,e
d3102,e
d3103,p
d3104,p
d3105,p
d3106,e
d3107,e
d3108,p
d3109,p
d3110,e
d3111,e
d3112,p
d3113,p
d3114,e
d3115,e
d3116,e
d3117,p
d3118,e
d3119,e
d3120,e
d3121,e
d3122,p
d3123,e
d3124,p
d3125,e
d3126,e
d3127,p
d3128,e
d3129,p
d3130,p
d3131,p
d3132,p
d3133,p
d3134,p
d3135,p
d3136,p
d3137,p
d3138,e
d3139,e
d3140,e
d3141,p
d3142,p
d3143,p
d3144,e
d3145,e
d3146,e
d3147,e
d3148,p
d3149,p
d3150,e
d3151,e
d3152,p
d3153,e
d3154,e
d3155,e
d3156,e
d3157,e
d3158,e
d3159,e
d3160,p
d3161,p
d3162,e
d3163,e
d3164,p
d3165,e
d3166,e
d3167,p
d3168,p
d3169,p
d3170,p
d3171,e
d3172,e
d3173,e
d3174,p
d3175,e
d3176,p
d3177,p
d3178,p
d3179,p
d3180,p
d3181,e
d3182,e
d3183,e
d3184,e
d3185,e
d3186,p
d3187,e
d3188,e
d3189,p
d3190,p
d3191,e
d3192,p
d3193,e
d3194,e
d3195,e
d3196,p
d3197,e
d3198,p
d3199,p
d3200,p
d3201,e
d3202,e
d3203,p
d3204,p
d3205,p
d3206,e
d3207,p
d3208,p
d3209,p
d3210,p
d3211,p
d3212,e
d3213,p
d3214,p
d3215,p
d3216,e
d3217,e
d3218,p
d3219,e
d3220,p
d3221,e
d3222,e
d3223,p
d3224,e
d3225,p
d3226,p
d3227,p
d3228,e
d3229,e
d3230,e
d3231,p
d3232,p
d3233,p
d3234,p
d3235,p
d3236,e
d3237,p
d3238,p
d3239,e
d3240,e
d3241,e
d3242,e
d3243,p
d3244,p
d3245,p
d3246,p
d3247,p
d3248,e
d3249,p
d3250,e
d3251,e
d3252,e
d3253,p
d3254,p
d3255,e
d3256,e
d3257,e
d3258,p
d3259,p
d3260,e
d3261,e
d3262,p
d3263,e
d3264,e
d3265,p
d3266,p
d3267,e
d3268,e
d3269,p
d3270,e
d3271,p
d3272,e
d3273,e
d3274,e
d3275,p
d3276,p
d3277,e
d3278,e
d3279,e
d3280,p
d3281,e
d3282,p
d3283,e
d3284,p
d3285,e
d3286,p
d3287,e
d3288,e
d3289,e
d3290,p
d3291,p
d3292,e
d3293,e
d3294,p
d3295,p
d3296,p
d3297,e
d3298,e
d3299,p
d3300,e
d3301,e
d3302,e
d3303,p
d3304,e
d3305,e
d3306,p
d3307,p
d3308,p
d3309,p
d3310,e
d3311,p
d3312,p
d3313,e
d3314,e
d3315,e
d3316,p
d3317,p
d3318,p
d3319,p
d3320,p
d3321,p
d3322,e
d3323,p
d3324,p
d3325,p
d3326,e
d3327,p
d3328,p
d3329,e
d3330,p
d3331,e
d3332,p
d3333,p
d3334,p
d3335,e
d3336,p
d3337,e
d3338,p
d3339,e
d3340,e
d3341,e
d3342,p
d3343,e
d3344,p
d3345,p
d3346,p
d3347,p
d3348,e
d3349,e
d3350,p
d3351,p
d3352,p
d3353,p
d3354,e
d3355,e
d3356,p
d3357,e
d3358,e
d3359,e
d3360,e
d3361,e
d3362,e
d3363,p
d3364,p
d3365,p
d3366,e
d3367,p
d3368,e
d3369,e
d3370,p
d3371,p
d3372,p
d3373,e
d3374,p
d3375,p
d3376,p
d3377,p
d3378,p
d3379,p
d3380,e
d3381,e
d3382,p
d3383,e
d3384,e
d3385,e
d3386,p
d3387,p
d3388,p
d3389,p
d3390,p
d3391,p
d3392,e
d3393,e
d3394,p
d3395,e
d3396,e
d3397,e
d3398,e
d3399,p
d3400,p
d3401,p
d3402,e
d3403,p
d3404,e
d3405,e
d3406,e
d3407,e
d3408,e
d3409,e
d3410,e
d3411,e
d3412,e
d3413,e
d3414,p
d3415,p
d3416,e
d3417,e
d3418,e
d3419,p
d3420,p
d3421,p
d3422,p
d3423,e
d3424,e
d3425,p
d3426,e
d3427,e
d3428,e
d3429,p
d3430,p
d3431,p
d3432,p
d3433,e
d3434,p
d3435,p
d3436,e
d3437,p
d3438,e
d3439,e
d3440,e
d3441,e
d3442,e
d3443,e
d3444,p
d3445,e
d3446,e
d3447,p
d3448,p
d3449,e
d3450,p
d3451,p
d3452,e
d3453,e
d3454,e
d3455,e
d3456,p
d3457,e
d3458,p
d3459,e
d3460,e
d3461,e
d3462,p
d3463,e
d3464,e
d3465,e
d3466,e
d3467,p
d3468,e
d3469,e
d3470,e
d3471,p
d3472,p
d3473,p
d3474,p
d3475,p
d3476,p
d3477,p
d3478,e
d3479,p
d3480,p
d3481,p
d3482,e
d3483,p
d3484,p
d3485,e
d3486,e
d3487,e
d3488,e
d3489,e
d3490,e
d3491,p
d3492,e
d3493,p
d3494,e
d3495,p
d3496,e
d3497,e
d3498,p
d3499,p
d3500,p
d3501,p
d3502,e
d3503,e
d3504,e
d3505,e
d3506,p
d3507,p
d3508,e
d3509,e
d3510,e
d3511,e
d3512,e
d3513,e
d3514,e
d3515,e
d3516,e
d3517,p
d3518,p
d3519,e
d3520,e
d3521,e
d3522,e
d3523,p
d3524,p
d3525,e
d3526,e
d3527,e
d3528,e
d3529,p
d3530,p
d3531,p
d3532,p
d3533,e
d3534,e
d3535,e
d3536,p
d3537,p
d3538,p
d3539,e
d3540,p
d3541,e
d3542,p
d3543,e
d3544,e
d3545,p
d3546,e
d3547,e
d3548,e
d3549,p
d3550,p
d3551,p
d3552,p
d3553,p
d3554,e
d3555,e
d3556,p
d3557,p
d3558,p
d3559,p
d3560,p
d3561,e
d3562,e
d3563,e
d3564,e
d3565,e
d3566,p
d3567,e
d3568,e
d3569,e
d3570,e
d3571,p
d3572,p
d3573,e
d3574,p
d3575,e
d3576,e
d3577,p
d3578,e
d3579,p
d3580,p
d3581,p
d3582,e
d3583,e
d3584,p
d3585,e
d3586,e
d3587,e
d3588,p
d3589,e
d3590,p
d3591,e
d3592,e
d3593,e
d3594,e
d3595,e
d3596,p
d3597,e
d3598,e
d3599,p
d3600,e
d3601,e
d3602,e
d3603,p
d3604,p
d3605,e
d3606,e
d3607,e
d3608,e
d3609,e
d3610,e
d3611,e
d3612,e
d3613,p
d3614,e
d3615,e
d3616,e
d3617,e
d3618,p
d3619,p
d3620,e
d3621,e
d3622,e
d3623,e
d3624,p
d3625,p
d3626,e
d3627,e
d3628,e
d3629,e
d3630,p
d3631,p
d3632,p
d3633,e
d3634,e
d3635,p
d3636,e
d3637,e
d3638,e
d3639,p
d3640,e
d3641,p
d3642,e
d3643,e
d3644,e
d3645,p
d3646,p
d3647,e
d3648,p
d3649,e
d3650,p
d3651,p
d3652,p
d3653,e
d3654,p
d3655,p
d3656,e
d3657,p
d3658,e
d3659,e
d3660,p
d3661,e
d3662,e
d3663,p
d3664,p
d3665,p
d3666,e
d3667,e
d3668,p
d3669,p
d3670,p
d3671,e
d3672,e
d3673,p
d3674,p
d3675,e
d3676,p
d3677,e
d3678,p
d3679,e
d3680,e
d3681,e
d3682,e
d3683,e
d3684,e
d3685,e
d3686,p
d3687,p
d3688,e
d3689,e
d3690,e
d3691,p
d3692,p
d3693,e
d3694,e
d3695,p
d3696,p
d3697,e
d3698,p
d3699,e
d3700,p
d3701,p
d3702,p
d3703,e
d3704,e
d3705,e
d3706,e
d3707,e
d3708,e
d3709,p
d3710,e
d3711,e
d3712,p
d3713,e
d3714,e
d3715,p
d3716,e
d3717,e
d3718,e
d3719,p
d3720,p
d3721,p
d3722,p
d3723,p
d3724,p
d3725,e
d3726,p
d3727,p
d3728,e
d3729,p
d3730,p
d3731,e
d3732,p
d3733,p
d3734,e
d3735,p
d3736,p
d3737,p
d3738,e
d3739,e
d3740,e
d3741,p
d3742,p
d3743,p
d3744,p
d3745,e
d3746,p
d3747,p
d3748,e
d3749,p
d3750,p
d3751,p
d3752,e
d3753,e
d3754,p
d3755,e
d3756,e
d3757,e
d3758,e
d3759,e
d3760,e
d3761,e
d3762,e
d3763,e
d3764,e
d3765,e
d3766,e
d3767,p
d3768,p
d3769,e
d3770,p
d3771,e
d3772,e
d3773,e
d3774,e
d3775,p
d3776,e
d3777,p
d3778,p
d3779,e
d3780,e
d3781,p
d3782,p
d3783,p
d3784,e
d3785,p
d3786,p
d3787,p
d3788,e
d3789,p
d3790,e
d3791,e
d3792,p
d3793,p
d3794,p
d3795,p
d3796,e
d3797,p
d3798,e
d3799,p
d3800,e
d3801,e
d3802,p
d3803,e
d3804,e
d3805,p
d3806,e
d3807,e
d3808,e
d3809,p
d3810,e
d3811,e
d3812,p
d3813,e
d3814,e
d3815,e
d3816,e
d3817,p
d3818,p
d3819,p
d3820,p
d3821,p
d3822,p
d3823,p
d3824,p
d3825,p
d3826,e
d3827,e
d3828,e
d3829,e
d3830,e
d3831,p
d3832,e
d3833,p
d3834,e
d3835,p
d3836,p
d3837,e
d3838,e
d3839,e
d3840,e
d3841,e
d3842,p
d3843,p
d3844,p
d3845,e
d3846,e
d3847,e
d3848,e
d3849,e
d3850,p
d3851,e
d3852,p
d3853,e
d3854,p
d3855,p
d3856,p
d3857,e
d3858,e
d3859,p
d3860,e
d3861,e
d3862,p
d3863,e
d3864,e
d3865,e
d3866,e
d3867,e
d3868,e
d3869,e
d3870,p
d3871,e
d3872,p
d3873,p
d3874,e
d3875,p
d3876,e
d3877,e
d3878,p
d3879,p
d3880,e
d3881,e
d3882,e
d3883,e
d3884,p
d3885,p
d3886,e
d3887,p
d3888,p
d3889,e
d3890,e
d3891,e
d3892,p
d3893,e
d3894,e
d3895,p
d3896,e
d3897,p
d3898,p
d3899,e
d3900,p
d3901,e
d3902,p
d3903,p
d3904,p
d3905,p
d3906,p
d3907,e
d3908,e
d3909,p
d3910,p
d3911,e
d3912,e
d3913,e
d3914,p
d3915,p
d3916,p
d3917,p
d3918,e
d3919,p
d3920,e
d3921,p
d3922,e
d3923,p
d3924,p
d3925,p
d3926,e
d3927,e
d3928,p
d3929,p
d3930,p
d3931,e
d3932,p
d3933,p
d3934,p
d3935,e
d3936,e
d3937,p
d3938,p
d3939,e
d3940,p
d3941,e
d3942,e
d3943,p
d3944,e
d3945,e
d3946,e
d3947,e
d3948,p
d3949,p
d3950,e
d3951,p
d3952,e
d3953,e
d3954,p
d3955,p
d3956,p
d3957,e
d3958,e
d3959,e
d3960,p
d3961,e
d3962,e
d3963,p
d3964,p
d3965,p
d3966,p
d3967,p
d3968,p
d3969,e
d3970,e
d3971,e
d3972,e
d3973,e
d3974,p
d3975,e
d3976,e
d3977,e
d3978,p
d3979,e
d3980,p
d3981,p
d3982,p
d3983,e
d3984,p
d3985,p
d3986,p
d3987,p
d3988,p
d3989,p
d3990,p
d3991,e
d3992,e
d3993,p
d3994,p
d3995,e
d3996,p
d3997,p
d3998,p
d3999,e
d4000,e
d4001,e
d4002,p
d4003,e
d4004,p
d4005,p
d4006,e
d4007,p
d4008,e
d4009,p
d4010,p
d4011,p
d4012,e
d4013,e
d4014,e
d4015,e
d4016,p
d4017,e
d4018,e
d4019,p
d4020,e
d4021,e
d4022,p
d4023,e
d4024,e
d4025,e
d4026,p
d4027,p
d4028,e
d4029,e
d4030,p
d4031,p
d4032,p
d4033,p
d4034,p
d4035,e
d4036,e
d4037,p
d4038,e
d4039,p
d4040,e
d4041,p
d4042,p
d4043,p
d4044,e
d4045,p
d4046,e
d4047,e
d4048,p
d4049,p
d4050,p
d4051,e
d4052,p
d4053,e
d4054,e
d4055,e
d4056,e
d4057,p
d4058,p
d4059,p
d4060,e
d4061,p
d4062,e
d4063,p
d4064,p
d4065,p
d4066,p
d4067,e
d4068,e
d4069,e
d4070,p
d4071,e
d4072,e
d4073,e
d4074,p
d4075,p
d4076,e
d4077,p
d4078,e
d4079,p
d4080,p
d4081,e
d4082,e
d4083,e
d4084,e
d4085,e
d4086,p
d4087,e
d4088,e
d4089,e
d4090,e
d4091,p
d4092,e
d4093,p
d4094,e
d4095,e
d4096,e
d4097,e
d4098,e
d4099,p
d4100,p
d4101,p
d4102,e
d4103,e
d4104,e
d4105,e
d4106,e
d4107,p
d4108,p
d4109,p
d4110,e
d4111,p
d4112,p
d4113,e
d4114,e
d4115,p
d4116,p
d4117,p
d4118,e
d4119,e
d4120,p
d4121,e
d4122,e
d4123,p
d4124,e
d4125,p
d4126,e
d4127,p
d4128,p
d4129,e
d4130,p
d4131,e
d4132,p
d4133,p
d4134,e
d4135,e
d4136,p
d4137,e
d4138,p
d4139,p
d4140,p
d4141,p
d4142,e
d4143,p
d4144,e
d4145,e
d4146,e
d4147,e
d4148,p
d4149,e
d4150,e
d4151,p
d4152,e
d4153,p
d4154,p
d4155,e
d4156,p
d4157,e
d4158,e
d4159,p
d4160,p
d4161,e
d4162,p
d4163,p
d4164,e
d4165,p
d4166,e
d4167,p
d4168,p
d4169,e
d4170,e
d4171,e
d4172,p
d4173,e
d4174,p
d4175,e
d4176,p
d4177,p
d4178,p
d4179,p
d4180,p
d4181,e
d4182,e
d4183,p
d4184,e
d4185,e
d4186,p
d4187,e
d4188,e
d4189,p
d4190,e
d4191,e
d4192,p
d4193,e
d4194,e
d4195,e
d4196,p
d4197,p
d4198,p
d4199,e
d4200,e
d4201,p
d4202,e
d4203,p
d4204,e
d4205,e
d4206,p
d4207,e
d4208,e
d4209,p
d4210,e
d4211,e
d4212,e
d4213,p
d4214,e
d4215,p
d4216,p
d4217,e
d4218,e
d4219,p
d4220,e
d4221,p
d4222,e
d4223,p
d4224,p
d4225,e
d4226,e
d4227,e
d4228,e
d4229,e
d4230,e
d4231,p
d4232,p
d4233,p
d4234,e
d4235,e
d4236,p
d4237,p
d4238,p
d4239,p
d4240,p
d4241,e
d4242,e
d4243,p
d4244,e
d4245,p
d4246,p
d4247,e
d4248,p
d4249,p
d4250,p
d4251,p
d4252,p
d4253,p
d4254,e
d4255,p
d4256,p
d4257,p
d4258,e
d4259,p
d4260,p
d4261,e
d4262,p
d4263,e
d4264,e
d4265,e
d4266,p
d4267,p
d4268,e
d4269,e
d4270,p
d4271,e
d4272,p
d4273,p
d4274,p
d4275,p
d4276,e
d4277,p
d4278,p
d4279,p
d4280,p
d4281,e
d4282,p
d4283,p
d4284,e
d4285,e
d4286,e
d4287,e
d4288,p
d4289,e
d4290,e
d4291,e
d4292,e
d4293,p
d4294,e
d4295,p
d4296,p
d4297,p
d4298,p
d4299,e
d4300,e
d4301,p
d4302,p
d4303,e
d4304,e
d4305,e
d4306,e
d4307,p
d4308,e
d4309,p
d4310,e
d4311,e
d4312,e
d4313,e
d4314,p
d4315,p
d4316,e
d4317,p
d4318,e
d4319,p
d4320,e
d4321,p
d4322,e
d4323,p
d4324,e
d4325,e
d4326,p
d4327,e
d4328,p
d4329,p
d4330,e
d4331,p
d4332,e
d4333,e
d4334,e
d4335,p
d4336,e
d4337,e
d4338,e
d4339,e
d4340,e
d4341,p
d4342,e
d4343,e
d4344,p
d4345,e
d4346,e
d4347,e
d4348,p
d4349,p
d4350,e
d4351,p
d4352,e
d4353,e
d4354,p
d4355,p
d4356,e
d4357,e
d4358,p
d4359,e
d4360,p
d4361,p
d4362,e
d4363,p
d4364,p
d4365,e
d4366,p
d4367,e
d4368,e
d4369,e
d4370,e
d4371,p
d4372,e
d4373,p
d4374,e
d4375,p
d4376,e
d4377,p
d4378,e
d4379,p
d4380,p
d4381,e
d4382,e
d4383,e
d4384,e
d4385,e
d4386,p
d4387,e
d4388,e
d4389,p
d4390,p
d4391,e
d4392,p
d4393,p
d4394,e
d4395,p
d4396,p
d4397,e
d4398,p
d4399,e
d4400,p
d4401,e
d4402,e
d4403,p
d4404,e
d4405,e
d4406,e
d4407,p
d4408,p
d4409,p
d4410,p
d4411,p
d4412,p
d4413,p
d4414,p
d4415,e
d4416,p
d4417,p
d4418,e
d4419,p
d4420,p
d4421,p
d4422,p
d4423,e
d4424,e
d4425,e
d4426,e
d4427,e
d4428,e
d4429,p
d4430,p
d4431,e
d4432,e
d4433,p
d4434,e
d4435,e
d4436,p
d4437,e
d4438,e
d4439,p
d4440,e
d4441,p
d4442,e
d4443,e
d4444,p
d4445,p
d4446,p
d4447,p
d4448,p
d4449,p
d4450,e
d4451,p
d4452,p
d4453,e
d4454,e
d4455,p
d4456,p
d4457,e
d4458,e
d4459,e
d4460,p
d4461,p
d4462,e
d4463,e
d4464,e
d4465,p
d4466,p
d4467,p
d4468,e
d4469,p
d4470,e
d4471,p
d4472,e
d4473,e
d4474,p
d4475,e
d4476,e
d4477,p
d4478,p
d4479,p
d4480,p
d4481,p
d4482,e
d4483,e
d4484,p
d4485,e
d4486,p
d4487,p
d4488,p
d4489,e
d4490,p
d4491,e
d4492,p
d4493,e
d4494,p
d4495,p
d4496,e
d4497,p
d4498,p
d4499,p
d4500,e
d4501,e
d4502,e
d4503,e
d4504,p
d4505,p
d4506,e
d4507,e
d4508,e
d4509,e
d4510,p
d4511,e
d4512,p
d4513,e
d4514,p
d4515,p
d4516,e
d4517,e
d4518,p
d4519,e
d4520,e
d4521,p
d4522,e
d4523,e
d4524,e
d4525,e
d4526,p
d4527,p
d4528,p
d4529,p
d4530,p
d4531,e
d4532,e
d4533,p
d4534,e
d4535,e
d4536,e
d4537,e
d4538,p
d4539,e
d4540,e
d4541,p
d4542,e
d4543,e
d4544,p
d4545,p
d4546,p
d4547,e
d4548,e
d4549,e
d4550,e
d4551,p
d4552,p
d4553,e
d4554,e
d4555,e
d4556,p
d4557,p
d4558,p
d4559,e
d4560,p
d4561,p
d4562,p
d4563,e
d4564,e
d4565,p
d4566,p
d4567,e
d4568,e
d4569,e
d4570,e
d4571,p
d4572,p
d4573,e
d4574,p
d4575,p
d4576,e
d4577,e
d4578,p
d4579,e
d4580,e
d4581,e
d4582,e
d4583,p
d4584,e
d4585,p
d4586,p
d4587,e
d4588,p
d4589,e
d4590,p
d4591,p
d4592,p
d4593,p
d4594,p
d4595,p
d4596,e
d4597,e
d4598,p
d4599,p
d4600,e
d4601,e
d4602,p
d4603,e
d4604,p
d4605,e
d4606,e
d4607,p
d4608,p
d4609,e
d4610,p
d4611,e
d4612,p
d4613,e
d4614,p
d4615,p
d4616,e
d4617,e
d4618,p
d4619,e
d4620,p
d4621,p
d4622,e
d4623,e
d4624,p
d4625,p
d4626,e
d4627,p
d4628,p
d4629,e
d4630,p
d4631,e
d4632,e
d4633,e
d4634,p
d4635,p
d4636,e
d4637,p
d4638,p
d4639,e
d4640,p
d4641,p
d4642,e
d4643,e
d4644,p
d4645,p
d4646,e
d4647,e
d4648,e
d4649,p
d4650,e
d4651,p
d4652,e
d4653,e
d4654,e
d4655,p
d4656,p
d4657,e
d4658,p
d4659,e
d4660,p
d4661,e
d4662,e
d4663,e
d4664,p
d4665,p
d4666,e
d4667,e
d4668,p
d4669,p
d4670,p
d4671,p
d4672,p
d4673,p
d4674,p
d4675,p
d4676,p
d4677,e
d4678,e
d4679,p
d4680,e
d4681,e
d4682,e
d4683,e
d4684,p
d4685,e
d4686,p
d4687,e
d4688,e
d4689,p
d4690,e
d4691,p
d4692,e
d4693,e
d4694,e
d4695,e
d4696,e
d4697,p
d4698,e
d4699,e
d4700,p
d4701,p
d4702,e
d4703,e
d4704,p
d4705,p
d4706,e
d4707,p
d4708,p
d4709,e
d4710,p
d4711,p
d4712,e
d4713,e
d4714,p
d4715,e
d4716,e
d4717,e
d4718,e
d4719,e
d4720,p
d4721,p
d4722,e
d4723,p
d4724,p
d4725,e
d4726,p
d4727,p
d4728,e
d4729,p
d4730,p
d4731,p
d4732,p
d4733,e
d4734,e
d4735,e
d4736,p
d4737,e
d4738,e
d4739,p
d4740,p
d4741,e
d4742,e
d4743,e
d4744,e
d4745,p
d4746,e
d4747,e
d4748,e
d4749,p
d4750,e
d4751,p
d4752,e
d4753,e
d4754,p
d4755,e
d4756,e
d4757,p
d4758,e
d4759,e
d4760,e
d4761,p
d4762,e
d4763,e
d4764,p
d4765,e
d4766,p
d4767,e
d4768,p
d4769,e
d4770,p
d4771,p
d4772,p
d4773,e
d4774,e
d4775,p
d4776,e
d4777,e
d4778,p
d4779,p
d4780,p
d4781,p
d4782,e
d4783,e
d4784,p
d4785,e
d4786,p
d4787,e
d4788,e
d4789,e
d4790,p
d4791,e
d4792,p
d4793,e
d4794,e
d4795,e
d4796,e
d4797,e
d4798,p
d4799,e
d4800,p
d4801,p
d4802,p
d4803,p
d4804,e
d4805,p
d4806,e
d4807,e
d4808,p
d4809,p
d4810,p
d4811,p
d4812,p
d4813,p
d4814,p
d4815,p
d4816,p
d4817,e
d4818,e
d4819,e
d4820,e
d4821,p
d4822,e
d4823,e
d4824,p
d4825,p
d4826,p
d4827,e
d4828,e
d4829,p
d4830,p
d4831,p
d4832,p
d4833,p
d4834,p
d4835,p
d4836,p
d4837,p
d4838,p
d4839,p
d4840,e
d4841,p
d4842,p
d4843,e
d4844,p
d4845,e
d4846,p
d4847,p
d4848,p
d4849,e
d4850,p
d4851,p
d4852,e
d4853,p
d4854,p
d4855,p
d4856,e
d4857,e
d4858,p
d4859,e
d4860,p
d4861,e
d4862,e
d4863,p
d4864,e
d4865,e
d4866,e
d4867,p
d4868,e
d4869,p
d4870,e
d4871,e
d4872,p
d4873,p
d4874,e
d4875,e
d4876,e
d4877,p
d4878,p
d4879,p
d4880,p
d4881,e
d4882,p
d4883,e
d4884,e
d4885,e
d4886,p
d4887,e
d4888,p
d4889,e
d4890,p
d4891,p
d4892,p
d4893,p
d4894,e
d4895,p
d4896,e
d4897,p
d4898,p
d4899,p
d4900,e
d4901,e
d4902,p
d4903,p
d4904,p
d4905,e
d4906,e
d4907,e
d4908,p
d4909,e
d4910,p
d4911,p
d4912,p
d4913,p
d4914,e
d4915,e
d4916,p
d4917,e
d4918,e
d4919,p
d4920,e
d4921,p
d4922,p
d4923,p
d4924,e
d4925,e
d4926,p
d4927,e
d4928,e
d4929,p
d4930,e
d4931,p
d4932,p
d4933,e
d4934,e
d4935,p
d4936,e
d4937,e
d4938,p
d4939,p
d4940,p
d4941,e
d4942,e
d4943,e
d4944,e
d4945,p
d4946,p
d4947,p
d4948,p
d4949,e
d4950,e
d4951,e
d4952,p
d4953,p
d4954,e
d4955,p
d4956,e
d4957,e
d4958,p
d4959,p
d4960,e
d4961,p
d4962,e
d4963,e
d4964,e
d4965,e
d4966,e
d4967,e
d4968,p
d4969,p
d4970,e
d4971,p
d4972,p
d4973,p
d4974,e
d4975,e
d4976,e
d4977,p
d4978,p
d4979,e
d4980,p
d4981,p
d4982,p
d4983,e
d4984,p
d4985,e
d4986,e
d4987,e
d4988,p
d4989,p
d4990,p
d4991,e
d4992,p
d4993,p
d4994,p
d4995,e
d4996,p
d4997,p
d4998,p
d4999,e
d5000,e
d5001,p
d5002,p
d5003,p
d5004,e
d5005,e
d5006,e
d5007,e
d5008,e
d5009,p
d5010,p
d5011,e
d5012,p
d5013,e
d5014,p
d5015,p
d5016,p
d5017,p
d5018,e
d5019,e
d5020,e
d5021,e
d5022,p
d5023,e
d5024,e
d5025,e
d5026,e
d5027,p
d5028,e
d5029,p
d5030,e
d5031,p
d5032,e
d5033,e
d5034,p
d5035,e
d5036,p
d5037,p
d5038,p
d5039,p
d5040,e
d5041,e
d5042,p
d5043,e
d5044,e
d5045,p
d5046,p
d5047,e
d5048,e
d5049,p
d5050,e
d5051,e
d5052,e
d5053,p
d5054,p
d5055,e
d5056,p
d5057,p
d5058,e
d5059,p
d5060,p
d5061,p
d5062,p
d5063,e
d5064,p
d5065,p
d5066,p
d5067,p
d5068,p
d5069,p
d5070,e
d5071,e
d5072,e
d5073,e
d5074,e
d5075,e
d5076,p
d5077,e
d5078,p
d5079,e
d5080,e
d5081,p
d5082,e
d5083,p
d5084,p
d5085,e
d5086,p
d5087,e
d5088,e
d5089,p
d5090,p
d5091,p
d5092,e
d5093,e
d5094,p
d5095,e
d5096,p
d5097,e
d5098,p
d5099,p
d5100,p
d5101,p
d5102,p
d5103,p
d5104,e
d5105,e
d5106,e
d5107,p
d5108,p
d5109,p
d5110,e
d5111,p
d5112,p
d5113,p
d5114,e
d5115,p
d5116,e
d5117,e
d5118,e
d5119,p
d5120,p
d5121,p
d5122,p
d5123,p
d5124,e
d5125,e
d5126,e
d5127,e
d5128,e
d5129,e
d5130,e
d5131,e
d5132,p
d5133,e
d5134,e
d5135,e
d5136,p
d5137,e
d5138,p
d5139,p
d5140,p
d5141,p
d5142,e
d5143,e
d5144,p
d5145,e
d5146,e
d5147,e
d5148,p
d5149,e
d5150,e
d5151,e
d5152,e
d5153,e
d5154,p
d5155,p
d5156,e
d5157,e
d5158,p
d5159,p
d5160,p
d5161,e
d5162,p
d5163,p
d5164,e
d5165,p
d5166,e
d5167,e
d5168,e
d5169,e
d5170,p
d5171,p
d5172,p
d5173,e
d5174,p
d5175,p
d5176,p
d5177,e
d5178,p
d5179,p
d5180,e
d5181,e
d5182,p
d5183,e
d5184,e
d5185,p
d5186,p
d5187,p
d5188,e
d5189,p
d5190,p
d5191,p
d5192,p
d5193,e
d5194,e
d5195,p
d5196,p
d5197,e
d5198,p
d5199,e
d5200,p
d5201,p
d5202,p
d5203,p
d5204,p
d5205,p
d5206,e
d5207,e
d5208,p
d5209,e
d5210,e
d5211,e
d5212,p
d5213,p
d5214,p
d5215,p
d5216,e
d5217,e
d5218,e
d5219,e
d5220,e
d5221,e
d5222,p
d5223,p
d5224,p
d5225,e
d5226,p
d5227,p
d5228,p
d5229,e
d5230,e
d5231,p
d5232,e
d5233,p
d5234,e
d5235,e
d5236,p
d5237,e
d5238,p
d5239,e
d5240,p
d5241,e
d5242,p
d5243,e
d5244,e
d5245,p
d5246,p
d5247,p
d5248,e
d5249,e
d5250,p
d5251,e
d5252,p
d5253,e
d5254,p
d5255,p
d5256,e
d5257,e
d5258,e
d5259,e
d5260,e
d5261,e
d5262,e
d5263,e
d5264,p
d5265,p
d5266,e
d5267,e
d5268,e
d5269,e
d5270,p
d5271,p
d5272,p
d5273,p
d5274,e
d5275,e
d5276,p
d5277,e
d5278,e
d5279,p
d5280,p
d5281,e
d5282,e
d5283,e
d5284,p
d5285,p
d5286,e
d5287,e
d5288,e
d5289,e
d5290,e
d5291,e
d5292,e
d5293,p
d5294,p
d5295,p
d5296,e
d5297,p
d5298,e
d5299,p
d5300,e
d5301,e
d5302,p
d5303,e
d5304,p
d5305,e
d5306,p
d5307,p
d5308,e
d5309,e
d5310,p
d5311,p
d5312,e
d5313,e
d5314,p
d5315,p
d5316,e
d5317,p
d5318,e
d5319,e
d5320,p
d5321,p
d5322,p
d5323,e
d5324,e
d5325,e
d5326,p
d5327,p
d5328,p
d5329,p
d5330,e
d5331,e
d5332,p
d5333,e
d5334,e
d5335,p
d5336,p
d5337,e
d5338,e
d5339,e
d5340,p
d5341,p
d5342,e
d5343,p
d5344,e
d5345,p
d5346,e
d5347,p
d5348,p
d5349,p
d5350,e
d5351,p
d5352,e
d5353,e
d5354,p
d5355,p
d5356,e
d5357,p
d5358,p
d5359,p
d5360,p
d5361,p
d5362,e
d5363,p
d5364,p
d5365,e
d5366,e
d5367,p
d5368,p
d5369,e
d5370,e
d5371,e
d5372,e
d5373,p
d5374,p
d5375,p
d5376,e
d5377,e
d5378,p
d5379,p
d5380,e
d5381,p
d5382,p
d5383,e
d5384,e
d5385,p
d5386,e
d5387,p
d5388,e
d5389,e
d5390,p
d5391,e
d5392,p
d5393,e
d5394,p
d5395,e
d5396,e
d5397,e
d5398,p
d5399,p
d5400,p
d5401,p
d5402,p
d5403,e
d5404,e
d5405,e
d5406,p
d5407,e
d5408,e
d5409,p
d5410,e
d5411,p
d5412,e
d5413,e
d5414,p
d5415,p
d5416,e
d5417,e
d5418,p
d5419,e
d5420,p
d5421,e
d5422,p
d5423,p
d5424,p
d5425,p
d5426,p
d5427,e
d5428,p
d5429,e
d5430,p
d5431,p
d5432,p
d5433,e
d5434,e
d5435,e
d5436,e
d5437,e
d5438,p
d5439,p
d5440,p
d5441,e
d5442,e
d5443,p
d5444,p
d5445,e
d5446,p
d5447,e
d5448,p
d5449,p
d5450,p
d5451,p
d5452,p
d5453,e
d5454,p
d5455,p
d5456,p
d5457,e
d5458,p
d5459,e
d5460,e
d5461,p
d5462,e
d5463,p
d5464,e
d5465,e
d5466,p
d5467,p
d5468,e
d5469,e
d5470,e
d5471,e
d5472,p
d5473,e
d5474,e
d5475,p
d5476,p
d5477,p
d5478,e
d5479,e
d5480,p
d5481,p
d5482,e
d5483,p
d5484,e
d5485,e
d5486,p
d5487,e
d5488,p
d5489,e
d5490,p
d5491,e
d5492,e
d5493,p
d5494,e
d5495,p
d5496,p
d5497,p
d5498,p
d5499,p
d5500,p
d5501,e
d5502,e
d5503,e
d5504,p
d5505,p
d5506,p
d5507,p
d5508,p
d5509,e
d5510,e
d5511,e
d5512,p
d5513,e
d5514,e
d5515,p
d5516,p
d5517,e
d5518,p
d5519,e
d5520,e
d5521,p
d5522,p
d5523,p
d5524,p
d5525,p
d5526,p
d5527,p
d5528,p
d5529,p
d5530,e
d5531,p
d5532,e
d5533,e
d5534,p
d5535,p
d5536,e
d5537,e
d5538,p
d5539,e
d5540,p
d5541,e
d5542,p
d5543,e
d5544,e
d5545,e
d5546,p
d5547,p
d5548,p
d5549,p
d5550,e
d5551,e
d5552,p
d5553,e
d5554,e
d5555,p
d5556,p
d5557,e
d5558,p
d5559,p
d5560,p
d5561,p
d5562,e
d5563,e
d5564,e
d5565,e
d5566,e
d5567,e
d5568,p
d5569,e
d5570,p
d5571,e
d5572,e
d5573,e
d5574,e
d5575,e
d5576,e
d5577,e
d5578,e
d5579,e
d5580,e
d5581,e
d5582,e
d5583,p
d5584,p
d5585,p
d5586,e
d5587,e
d5588,p
d5589,e
d5590,e
d5591,p
d5592,e
d5593,e
d5594,e
d5595,p
d5596,e
d5597,p
d5598,p
d5599,e
d5600,e
d5601,e
d5602,e
d5603,e
d5604,p
d5605,e
d5606,e
d5607,p
d5608,p
d5609,e
d5610,e
d5611,p
d5612,p
d5613,p
d5614,e
d5615,e
d5616,p
d5617,p
d5618,e
d5619,p
d5620,e
d5621,p
d5622,p
d5623,e
d5624,e
d5625,p
d5626,e
d5627,e
d5628,e
d5629,p
d5630,e
d5631,p
d5632,e
d5633,p
d5634,p
d5635,e
d5636,e
d5637,p
d5638,e
d5639,p
d5640,p
d5641,e
d5642,p
d5643,p
d5644,e
d5645,e
d5646,e
d5647,p
d5648,p
d5649,e
d5650,p
d5651,p
d5652,p
d5653,e
d5654,e
d5655,e
d5656,e
d5657,p
d5658,p
d5659,p
d5660,p
d5661,p
d5662,p
d5663,p
d5664,p
d5665,e
d5666,e
d5667,e
d5668,e
d5669,e
d5670,e
d5671,p
d5672,p
d5673,e
d5674,e
d5675,e
d5676,e
d5677,e
d5678,e
d5679,p
d5680,e
d5681,p
d5682,e
d5683,p
d5684,e
d5685,p
d5686,p
d5687,e
d5688,p
d5689,e
d5690,e
d5691,e
d5692,p
d5693,e
d5694,e
d5695,e
d5696,p
d5697,p
d5698,p
d5699,p
d5700,e
d5701,p
d5702,p
d5703,p
d5704,p
d5705,p
d5706,p
d5707,e
d5708,p
d5709,e
d5710,p
d5711,p
d5712,p
d5713,p
d5714,e
d5715,e
d5716,e
d5717,p
d5718,p
d5719,p
d5720,e
d5721,e
d5722,p
d5723,p
d5724,e
d5725,e
d5726,p
d5727,e
d5728,e
d5729,p
d5730,p
d5731,p
d5732,e
d5733,e
d5734,p
d5735,p
d5736,e
d5737,e
d5738,p
d5739,e
d5740,p
d5741,p
d5742,p
d5743,e
d5744,e
d5745,e
d5746,p
d5747,e
d5748,e
d5749,p
d5750,p
d5751,e
d5752,e
d5753,p
d5754,e
d5755,p
d5756,p
d5757,e
d5758,p
d5759,e
d5760,e
d5761,e
d5762,p
d5763,p
d5764,p
d5765,e
d5766,p
d5767,p
d5768,p
d5769,p
d5770,e
d5771,p
d5772,p
d5773,e
d5774,e
d5775,e
d5776,p
d5777,e
d5778,p
d5779,e
d5780,p
d5781,p
d5782,e
d5783,p
d5784,p
d5785,p
d5786,e
d5787,e
d5788,e
d5789,p
d5790,p
d5791,e
d5792,p
d5793,e
d5794,p
d5795,e
d5796,p
d5797,p
d5798,p
d5799,e
d5800,p
d5801,p
d5802,e
d5803,e
d5804,e
d5805,p
d5806,e
d5807,e
d5808,p
d5809,e
d5810,p
d5811,p
d5812,e
d5813,e
d5814,e
d5815,e
d5816,p
d5817,e
d5818,p
d5819,p
d5820,p
d5821,e
d5822,p
d5823,p
d5824,e
d5825,e
d5826,p
d5827,p
d5828,e
d5829,p
d5830,e
d5831,e
d5832,p
d5833,p
d5834,e
d5835,e
d5836,p
d5837,p
d5838,p
d5839,e
d5840,p
d5841,p
d5842,p
d5843,e
d5844,p
d5845,e
d5846,p
d5847,e
d5848,e
d5849,p
d5850,e
d5851,e
d5852,p
d5853,p
d5854,p
d5855,p
d5856,e
d5857,e
d5858,p
d5859,p
d5860,e
d5861,e
d5862,p
d5863,e
d5864,e
d5865,e
d5866,e
d5867,e
d5868,p
d5869,e
d5870,p
d5871,p
d5872,e
d5873,p
d5874,e
d5875,e
d5876,p
d5877,e
d5878,p
d5879,e
d5880,p
d5881,e
d5882,e
d5883,e
d5884,p
d5885,e
d5886,e
d5887,p
d5888,e
d5889,e
d5890,p
d5891,p
d5892,e
d5893,e
d5894,e
d5895,e
d5896,p
d5897,e
d5898,p
d5899,e
d5900,p
d5901,e
d5902,e
d5903,p
d5904,p
d5905,e
d5906,p
d5907,e
d5908,p
d5909,e
d5910,p
d5911,e
d5912,e
d5913,p
d5914,e
d5915,e
d5916,p
d5917,p
d5918,p
d5919,e
d5920,e
d5921,e
d5922,p
d5923,p
d5924,p
d5925,e
d5926,p
d5927,p
d5928,e
d5929,e
d5930,e
d5931,e
d5932,p
d5933,e
d5934,e
d5935,e
d5936,p
d5937,e
d5938,e
d5939,e
d5940,p
d5941,e
d5942,e
d5943,e
d5944,p
d5945,p
d5946,p
d5947,p
d5948,p
d5949,p
d5950,e
d5951,p
d5952,e
d5953,e
d5954,e
d5955,p
d5956,e
d5957,p
d5958,p
d5959,p
d5960,p
d5961,e
d5962,p
d5963,e
d5964,e
d5965,p
d5966,p
d5967,e
d5968,e
d5969,p
d5970,e
d5971,p
d5972,e
d5973,e
d5974,p
d5975,p
d5976,e
d5977,e
d5978,p
d5979,p
d5980,e
d5981,p
d5982,p
d5983,p
d5984,p
d5985,e
d5986,e
d5987,e
d5988,e
d5989,e
d5990,e
d5991,e
d5992,e
d5993,e
d5994,e
d5995,e
d5996,p
d5997,e
d5998,e
d5999,p
d6000,p
d6001,e
d6002,e
d6003,e
d6004,p
d6005,p
d6006,p
d6007,e
d6008,p
d6009,e
d6010,e
d6011,e
d6012,e
d6013,e
d6014,e
d6015,e
d6016,e
d6017,e
d6018,e
d6019,e
d6020,e
d6021,p
d6022,e
d6023,e
d6024,e
d6025,p
d6026,e
d6027,p
d6028,p
d6029,p
d6030,p
d6031,e
d6032,p
d6033,p
d6034,e
d6035,p
d6036,e
d6037,p
d6038,e
d6039,p
d6040,e
d6041,p
d6042,p
d6043,e
d6044,p
d6045,e
d6046,p
d6047,p
d6048,p
d6049,p
d6050,e
d6051,p
d6052,e
d6053,p
d6054,p
d6055,p
d6056,e
d6057,e
d6058,p
d6059,p
d6060,e
d6061,p
d6062,p
d6063,e
d6064,p
d6065,e
d6066,e
d6067,e
d6068,p
d6069,e
d6070,e
d6071,e
d6072,e
d6073,p
d6074,p
d6075,p
d6076,e
d6077,p
d6078,e
d6079,p
d6080,e
d6081,e
d6082,e
d6083,p
d6084,e
d6085,p
d6086,e
d6087,e
d6088,e
d6089,e
d6090,e
d6091,p
d6092,p
d6093,e
d6094,p
d6095,e
d6096,p
d6097,e
d6098,e
d6099,p
d6100,e
d6101,e
d6102,p
d6103,p
d6104,p
d6105,p
d6106,e
d6107,e
d6108,e
d6109,e
d6110,e
d6111,p
d6112,e
d6113,p
d6114,p
d6115,p
d6116,e
d6117,p
d6118,p
d6119,e
d6120,e
d6121,e
d6122,e
d6123,e
d6124,e
d6125,p
d6126,e
d6127,p
d6128,e
d6129,e
d6130,e
d6131,p
d6132,e
d6133,e
d6134,p
d6135,p
d6136,p
d6137,e
d6138,p
d6139,e
d6140,e
d6141,e
d6142,e
d6143,p
d6144,e
d6145,e
d6146,p
d6147,p
d6148,p
d6149,p
d6150,p
d6151,p
d6152,e
d6153,p
d6154,e
d6155,e
d6156,e
d6157,e
d6158,e
d6159,p
d6160,p
d6161,p
d6162,e
d6163,e
d6164,p
d6165,p
d6166,p
d6167,p
d6168,e
d6169,p
d6170,p
d6171,p
d6172,e
d6173,e
d6174,p
d6175,e
d6176,p
d6177,e
d6178,p
d6179,p
d6180,e
d6181,p
d6182,p
d6183,e
d6184,p
d6185,p
d6186,p
d6187,e
d6188,e
d6189,e
d6190,e
d6191,e
d6192,e
d6193,p
d6194,e
d6195,e
d6196,p
d6197,e
d6198,p
d6199,p
d6200,e
d6201,p
d6202,e
d6203,e
d6204,p
d6205,p
d6206,e
d6207,e
d6208,e
d6209,e
d6210,e
d6211,p
d6212,e
d6213,e
d6214,e
d6215,p
d6216,e
d6217,e
d6218,e
d6219,e
d6220,p
d6221,e
d6222,e
d6223,p
d6224,p
d6225,p
d6226,p
d6227,p
d6228,e
d6229,p
d6230,p
d6231,e
d6232,p
d6233,e
d6234,e
d6235,e
d6236,p
d6237,p
d6238,e
d6239,p
d6240,e
d6241,p
d6242,e
d6243,p
d6244,e
d6245,p
d6246,e
d6247,p
d6248,p
d6249,p
d6250,e
d6251,e
d6252,p
d6253,e
d6254,p
d6255,e
d6256,p
d6257,e
d6258,p
d6259,e
d6260,p
d6261,e
d6262,e
d6263,p
d6264,e
d6265,p
d6266,e
d6267,p
d6268,e
d6269,e
d6270,e
d6271,e
d6272,p
d6273,p
d6274,p
d6275,p
d6276,p
d6277,p
d6278,p
d6279,p
d6280,p
d6281,e
d6282,p
d6283,e
d6284,p
d6285,p
d6286,e
d6287,p
d6288,p
d6289,p
d6290,p
d6291,p
d6292,e
d6293,e
d6294,e
d6295,p
d6296,p
d6297,e
d6298,p
d6299,p
d6300,e
d6301,e
d6302,e
d6303,e
d6304,p
d6305,p
d6306,e
d6307,e
d6308,e
d6309,p
d6310,e
d6311,e
d6312,e
d6313,p
d6314,e
d6315,e
d6316,p
d6317,p
d6318,p
d6319,e
d6320,e
d6321,e
d6322,e
d6323,e
d6324,e
d6325,e
d6326,e
d6327,p
d6328,p
d6329,p
d6330,e
d6331,p
d6332,p
d6333,p
d6334,e
d6335,p
d6336,e
d6337,p
d6338,e
d6339,e
d6340,e
d6341,p
d6342,e
d6343,p
d6344,p
d6345,e
d6346,e
d6347,e
d6348,p
d6349,p
d6350,e
d6351,p
d6352,e
d6353,p
d6354,p
d6355,e
d6356,p
d6357,p
d6358,e
d6359,p
d6360,e
d6361,p
d6362,e
d6363,p
d6364,e
d6365,e
d6366,e
d6367,e
d6368,p
d6369,p
d6370,p
d6371,e
d6372,p
d6373,p
d6374,e
d6375,p
d6376,p
d6377,e
d6378,e
d6379,p
d6380,e
d6381,e
d6382,p
d6383,e
d6384,p
d6385,p
d6386,p
d6387,e
d6388,e
d6389,e
d6390,e
d6391,e
d6392,e
d6393,e
d6394,e
d6395,e
d6396,e
d6397,p
d6398,e
d6399,e
d6400,e
d6401,e
d6402,p
d6403,e
d6404,e
d6405,p
d6406,e
d6407,p
d6408,p
d6409,e
d6410,e
d6411,p
d6412,e
d6413,e
d6414,e
d6415,e
d6416,p
d6417,e
d6418,p
d6419,e
d6420,p
d6421,p
d6422,e
d6423,e
d6424,p
d6425,e
d6426,p
d6427,e
d6428,e
d6429,p
d6430,e
d6431,e
d6432,p
d6433,p
d6434,p
d6435,p
d6436,p
d6437,e
d6438,e
d6439,e
d6440,e
d6441,e
d6442,e
d6443,p
d6444,e
d6445,p
d6446,p
d6447,e
d6448,e
d6449,p
d6450,e
d6451,p
d6452,p
d6453,e
d6454,p
d6455,e
d6456,e
d6457,p
d6458,p
d6459,p
d6460,e
d6461,p
d6462,p
d6463,e
d6464,e
d6465,e
d6466,p
d6467,e
d6468,e
d6469,e
d6470,p
d6471,p
d6472,e
d6473,e
d6474,e
d6475,e
d6476,e
d6477,e
d6478,e
d6479,e
d6480,p
d6481,e
d6482,e
d6483,p
d6484,e
d6485,p
d6486,e
d6487,p
d6488,e
d6489,e
d6490,p
d6491,e
d6492,p
d6493,p
d6494,e
d6495,e
d6496,p
d6497,e
d6498,e
d6499,p
d6500,p
d6501,e
d6502,e
d6503,e
d6504,p
d6505,e
d6506,e
d6507,p
d6508,p
d6509,p
d6510,e
d6511,e
d6512,p
d6513,p
d6514,e
d6515,p
d6516,e
d6517,e
d6518,e
d6519,p
d6520,e
d6521,p
d6522,p
d6523,p
d6524,e
d6525,p
d6526,p
d6527,p
d6528,e
d6529,e
d6530,e
d6531,e
d6532,p
d6533,p
d6534,e
d6535,p
d6536,e
d6537,p
d6538,p
d6539,e
d6540,p
d6541,e
d6542,e
d6543,e
d6544,e
d6545,p
d6546,p
d6547,e
d6548,e
d6549,p
d6550,e
d6551,e
d6552,e
d6553,e
d6554,e
d6555,e
d6556,e
d6557,e
d6558,e
d6559,e
d6560,e
d6561,e
d6562,p
d6563,p
d6564,p
d6565,p
d6566,p
d6567,p
d6568,p
d6569,p
d6570,p
d6571,e
d6572,e
d6573,p
d6574,p
d6575,p
d6576,e
d6577,e
d6578,e
d6579,e
d6580,e
d6581,p
d6582,e
d6583,p
d6584,e
d6585,e
d6586,p
d6587,p
d6588,e
d6589,e
d6590,p
d6591,p
d6592,p
d6593,p
d6594,e
d6595,e
d6596,p
d6597,e
d6598,p
d6599,p
d6600,p
d6601,e
d6602,p
d6603,e
d6604,e
d6605,e
d6606,e
d6607,p
d6608,e
d6609,e
d6610,p
d6611,e
d6612,e
d6613,e
d6614,e
d6615,p
d6616,e
d6617,p
d6618,e
d6619,p
d6620,p
d6621,p
d6622,e
d6623,p
d6624,e
d6625,e
d6626,e
d6627,e
d6628,e
d6629,e
d6630,e
d6631,p
d6632,e
d6633,p
d6634,p
d6635,e
d6636,e
d6637,p
d6638,p
d6639,p
d6640,e
d6641,p
d6642,p
d6643,p
d6644,p
d6645,p
d6646,e
d6647,p
d6648,p
d6649,p
d6650,e
d6651,e
d6652,e
d6653,p
d6654,e
d6655,p
d6656,e
d6657,p
d6658,p
d6659,p
d6660,e
d6661,e
d6662,e
d6663,p
d6664,e
d6665,p
d6666,e
d6667,p
d6668,e
d6669,e
d6670,p
d6671,p
d6672,e
d6673,e
d6674,e
d6675,e
d6676,p
d6677,e
d6678,e
d6679,e
d6680,p
d6681,e
d6682,e
d6683,e
d6684,e
d6685,p
d6686,p
d6687,e
d6688,e
d6689,p
d6690,p
d6691,p
d6692,e
d6693,e
d6694,p
d6695,e
d6696,p
d6697,e
d6698,p
d6699,e
d6700,e
d6701,p
d6702,e
d6703,e
d6704,e
d6705,e
d6706,e
d6707,e
d6708,p
d6709,e
d6710,e
d6711,p
d6712,p
d6713,e
d6714,e
d6715,e
d6716,p
d6717,e
d6718,e
d6719,p
d6720,e
d6721,e
d6722,p
d6723,e
d6724,p
d6725,p
d6726,e
d6727,p
d6728,e
d6729,p
d6730,p
d6731,p
d6732,e
d6733,p
d6734,e
d6735,p
d6736,e
d6737,p
d6738,p
d6739,p
d6740,e
d6741,p
d6742,p
d6743,e
d6744,e
d6745,e
d6746,e
d6747,e
d6748,e
d6749,e
d6750,e
d6751,p
d6752,p
d6753,p
d6754,e
d6755,p
d6756,e
d6757,e
d6758,p
d6759,p
d6760,e
d6761,e
d6762,e
d6763,e
d6764,p
d6765,e
d6766,e
d6767,e
d6768,p
d6769,p
d6770,p
d6771,e
d6772,p
d6773,p
d6774,p
d6775,e
d6776,p
d6777,p
d6778,e
d6779,p
d6780,e
d6781,p
d6782,e
d6783,e
d6784,e
d6785,e
d6786,p
d6787,e
d6788,e
d6789,e
d6790,p
d6791,e
d6792,p
d6793,p
d6794,p
d6795,e
d6796,p
d6797,e
d6798,e
d6799,p
d6800,p
d6801,e
d6802,e
d6803,e
d6804,p
d6805,p
d6806,e
d6807,p
d6808,p
d6809,e
d6810,p
d6811,e
d6812,e
d6813,e
d6814,e
d6815,e
d6816,p
d6817,p
d6818,e
d6819,p
d6820,e
d6821,p
d6822,e
d6823,p
d6824,e
d6825,p
d6826,p
d6827,e
d6828,p
d6829,p
d6830,p
d6831,p
d6832,p
d6833,e
d6834,p
d6835,e
d6836,e
d6837,p
d6838,e
d6839,e
d6840,e
d6841,e
d6842,e
d6843,e
d6844,p
d6845,p
d6846,p
d6847,e
d6848,p
d6849,e
d6850,p
d6851,e
d6852,e
d6853,e
d6854,e
d6855,e
d6856,e
d6857,e
d6858,e
d6859,p
d6860,p
d6861,e
d6862,e
d6863,e
d6864,p
d6865,p
d6866,e
d6867,p
d6868,p
d6869,e
d6870,p
d6871,e
d6872,e
d6873,p
d6874,e
d6875,p
d6876,p
d6877,e
d6878,p
d6879,e
d6880,p
d6881,p
d6882,e
d6883,p
d6884,p
d6885,e
d6886,p
d6887,e
d6888,p
d6889,e
d6890,e
d6891,e
d6892,p
d6893,e
d6894,p
d6895,e
d6896,p
d6897,e
d6898,e
d6899,e
d6900,e
d6901,e
d6902,p
d6903,p
d6904,e
d6905,e
d6906,p
d6907,e
d6908,p
d6909,e
d6910,p
d6911,p
d6912,e
d6913,e
d6914,p
d6915,e
d6916,p
d6917,p
d6918,p
d6919,e
d6920,e
d6921,p
d6922,e
d6923,p
d6924,p
d6925,p
d6926,p
d6927,p
d6928,p
d6929,p
d6930,e
d6931,e
d6932,p
d6933,p
d6934,p
d6935,p
d6936,e
d6937,p
d6938,e
d6939,e
d6940,p
d6941,p
d6942,p
d6943,p
d6944,p
d6945,p
d6946,p
d6947,p
d6948,p
d6949,p
d6950,e
d6951,p
d6952,e
d6953,e
d6954,p
d6955,e
d6956,e
d6957,p
d6958,p
d6959,e
d6960,p
d6961,e
d6962,e
d6963,e
d6964,e
d6965,p
d6966,p
d6967,p
d6968,p
d6969,e
d6970,e
d6971,e
d6972,e
d6973,p
d6974,e
d6975,e
d6976,p
d6977,p
d6978,e
d6979,e
d6980,e
d6981,p
d6982,e
d6983,e
d6984,p
d6985,p
d6986,p
d6987,e
d6988,e
d6989,e
d6990,p
d6991,p
d6992,e
d6993,e
d6994,e
d6995,e
d6996,p
d6997,e
d6998,e
d6999,e
d7000,p
d7001,e
d7002,e
d7003,p
d7004,p
d7005,e
d7006,p
d7007,e
d7008,p
d7009,e
d7010,p
d7011,p
d7012,p
d7013,p
d7014,e
d7015,e
d7016,e
d7017,p
d7018,e
d7019,e
d7020,e
d7021,e
d7022,p
d7023,p
d7024,e
d7025,e
d7026,e
d7027,p
d7028,p
d7029,p
d7030,p
d7031,p
d7032,p
d7033,p
d7034,p
d7035,p
d7036,e
d7037,p
d7038,p
d7039,p
d7040,p
d7041,e
d7042,e
d7043,p
d7044,e
d7045,e
d7046,p
d7047,p
d7048,e
d7049,p
d7050,e
d7051,p
d7052,p
d7053,p
d7054,p
d7055,e
d7056,e
d7057,p
d7058,e
d7059,e
d7060,p
d7061,e
d7062,e
d7063,p
d7064,p
d7065,e
d7066,p
d7067,p
d7068,p
d7069,e
d7070,e
d7071,e
d7072,p
d7073,p
d7074,p
d7075,e
d7076,e
d7077,e
d7078,e
d7079,e
d7080,p
d7081,p
d7082,p
d7083,e
d7084,p
d7085,p
d7086,p
d7087,p
d7088,e
d7089,p
d7090,p
d7091,p
d7092,e
d7093,e
d7094,p
d7095,p
d7096,e
d7097,p
d7098,p
d7099,p
d7100,e
d7101,e
d7102,e
d7103,p
d7104,p
d7105,p
d7106,e
d7107,e
d7108,e
d7109,e
d7110,e
d7111,e
d7112,p
d7113,p
d7114,p
d7115,e
d7116,p
d7117,e
d7118,p
d7119,p
d7120,e
d7121,p
d7122,e
d7123,e
d7124,e
d7125,e
d7126,e
d7127,p
d7128,e
d7129,p
d7130,e
d7131,p
d7132,p
d7133,p
d7134,e
d7135,p
d7136,p
d7137,p
d7138,e
d7139,p
d7140,p
d7141,p
d7142,p
d7143,p
d7144,p
d7145,p
d7146,p
d7147,e
d7148,e
d7149,p
d7150,e
d7151,p
d7152,e
d7153,p
d7154,e
d7155,p
d7156,e
d7157,e
d7158,e
d7159,p
d7160,e
d7161,p
d7162,p
d7163,e
d7164,e
d7165,e
d7166,p
d7167,p
d7168,p
d7169,p
d7170,p
d7171,e
d7172,e
d7173,p
d7174,e
d7175,p
d7176,p
d7177,e
d7178,e
d7179,e
d7180,e
d7181,e
d7182,e
d7183,p
d7184,e
d7185,e
d7186,p
d7187,e
d7188,p
d7189,e
d7190,e
d7191,e
d7192,p
d7193,e
d7194,e
d7195,e
d7196,p
d7197,e
d7198,p
d7199,e
d7200,p
d7201,p
d7202,p
d7203,e
d7204,p
d7205,e
d7206,e
d7207,e
d7208,p
d7209,p
d7210,p
d7211,p
d7212,p
d7213,p
d7214,e
d7215,e
d7216,e
d7217,e
d7218,e
d7219,p
d7220,e
d7221,e
d7222,p
d7223,p
d7224,e
d7225,e
d7226,p
d7227,e
d7228,e
d7229,p
d7230,p
d7231,p
d7232,e
d7233,p
d7234,p
d7235,p
d7236,e
d7237,e
d7238,e
d7239,p
d7240,e
d7241,p
d7242,e
d7243,e
d7244,p
d7245,e
d7246,e
d7247,e
d7248,e
d7249,e
d7250,p
d7251,p
d7252,p
d7253,p
d7254,e
d7255,p
d7256,p
d7257,p
d7258,p
d7259,e
d7260,p
d7261,p
d7262,p
d7263,p
d7264,p
d7265,e
d7266,p
d7267,p
d7268,e
d7269,e
d7270,p
d7271,e
d7272,e
d7273,p
d7274,e
d7275,e
d7276,e
d7277,p
d7278,p
d7279,e
d7280,e
d7281,e
d7282,e
d7283,e
d7284,e
d7285,p
d7286,e
d7287,p
d7288,e
d7289,p
d7290,e
d7291,e
d7292,p
d7293,e
d7294,e
d7295,p
d7296,p
d7297,e
d7298,e
d7299,p
d7300,e
d7301,e
d7302,p
d7303,p
d7304,e
d7305,e
d7306,p
d7307,e
d7308,e
d7309,e
d7310,e
d7311,e
