,0,1
0,0.11839237608132334,0.8816076239186768
1,0.34129289729824985,0.6587071027017501
2,0.89060593624513,0.10939406375487004
3,0.04229827441708247,0.9577017255829176
4,0.061764508545389084,0.9382354914546109
5,0.9768382787913069,0.023161721208693146
6,0.9949864856696106,0.005013514330389455
7,0.018699532596155234,0.9813004674038447
8,0.9888594830888298,0.011140516911170215
9,0.08686745713327644,0.9131325428667234
10,0.055429631949056805,0.9445703680509431
11,0.005061176111630891,0.9949388238883693
12,0.9020010393960519,0.09799896060394805
13,0.999890225724412,0.00010977427558814189
14,0.02640142233660193,0.9735985776633981
15,0.9867737050422732,0.013226294957726864
16,0.004124363293902173,0.995875636706098
17,0.021136500407098965,0.9788634995929009
18,0.9698570707286388,0.030142929271361175
19,0.9922235823073123,0.007776417692687639
20,4.277879173009865e-06,0.9999957221208271
21,1.851290468630446e-05,0.9999814870953138
22,0.8300724021607454,0.16992759783925457
23,1.3237398349981196e-05,0.9999867626016501
24,0.977728713126663,0.022271286873336946
25,0.895660069805308,0.10433993019469202
26,0.04752983136159863,0.9524701686384013
27,0.13739445783411477,0.862605542165885
28,1.2860799512628744e-05,0.9999871392004873
29,0.9838616599710418,0.016138340028958167
30,0.9997700455045074,0.00022995449549256466
31,0.08897024268977476,0.9110297573102252
32,0.9491295633909423,0.05087043660905769
33,3.734156239348418e-07,0.9999996265843761
34,0.027611453335310177,0.97238854666469
35,0.23966195449012095,0.7603380455098793
36,0.9917982905762655,0.008201709423734537
37,0.9804094020922332,0.019590597907766787
38,1.2809737948027229e-06,0.9999987190262052
39,0.34353391459074306,0.6564660854092571
40,0.6799045645672108,0.32009543543278923
41,0.004370553865580135,0.9956294461344201
42,0.9820294903049045,0.017970509695095595
43,0.9619016690941614,0.0380983309058387
44,0.9706410381081617,0.029358961891838342
45,6.891613921056426e-06,0.9999931083860789
46,0.9661408305003637,0.0338591694996363
47,0.08489931991784029,0.9151006800821598
48,0.050772456338672986,0.9492275436613271
49,0.9406517392647138,0.05934826073528615
50,0.047271445299275495,0.9527285547007245
51,0.7664670748385376,0.23353292516146243
52,0.21564810317203825,0.7843518968279619
53,0.9987744836978393,0.0012255163021607984
54,0.14261484670996907,0.857385153290031
55,0.23259671122948955,0.7674032887705104
56,0.9988087431884024,0.0011912568115977442
57,0.032745936747171495,0.9672540632528286
58,1.9549941185370993e-06,0.9999980450058815
59,0.01438201893587872,0.9856179810641214
60,0.030871616080379152,0.9691283839196209
61,0.9388166349626947,0.06118336503730527
62,0.027076154011520887,0.9729238459884791
63,0.06512757246189593,0.9348724275381042
64,6.45813919046092e-07,0.9999993541860809
65,6.178998373630768e-06,0.9999938210016264
66,1.723576161832179e-06,0.9999982764238382
67,0.013170842405171254,0.9868291575948288
68,0.9878311455432378,0.012168854456762187
69,0.972364980441401,0.02763501955859905
70,0.9661682682111951,0.033831731788805
71,0.9412270265660784,0.058772973433921634
72,0.9008300299797075,0.09916997002029257
73,0.9802579119380637,0.01974208806193627
74,0.9999280485914896,7.195140851044734e-05
75,0.9998766371103153,0.0001233628896847349
76,0.06447395679685565,0.9355260432031446
77,0.9609922603080203,0.039007739691979765
78,0.9989048383349959,0.001095161665004073
79,0.9982754520034308,0.0017245479965691112
80,0.1481750646689124,0.8518249353310875
81,0.05539541986204134,0.9446045801379587
82,0.014337631805650274,0.9856623681943497
83,0.9252860719699348,0.07471392803006519
84,0.9381509057054315,0.06184909429456843
85,0.8024167417728961,0.19758325822710393
86,0.9726023627788776,0.027397637221122352
87,0.9793861881138085,0.02061381188619145
88,0.9432769181292097,0.05672308187079047
89,0.8774418099437322,0.1225581900562678
90,0.953336852313907,0.04666314768609288
91,0.04239752830654968,0.9576024716934501
92,0.1364088470066258,0.8635911529933742
93,4.302610031059724e-06,0.999995697389969
94,0.19071275570277169,0.8092872442972282
95,2.3682527169024923e-06,0.9999976317472831
96,1.2238059463347426e-06,0.9999987761940536
97,0.9998631480280937,0.00013685197190629235
98,0.9746009203432849,0.02539907965671518
99,0.96696803388624,0.03303196611375996
100,0.965996666811381,0.03400333318861908
101,0.7804900077922756,0.21950999220772457
102,0.9996662363630305,0.0003337636369694116
103,0.06506079943741645,0.9349392005625834
104,0.031398548881498414,0.9686014511185016
105,0.9876320366721404,0.012367963327859721
106,0.9678076412649225,0.03219235873507757
107,1.0568917302437285e-06,0.9999989431082696
108,0.9996791607645251,0.0003208392354748875
109,0.054536868863322645,0.9454631311366772
110,0.012810840398915866,0.9871891596010843
111,0.03946050261337613,0.9605394973866239
112,0.9769041081511366,0.023095891848863317
113,0.02202977706856931,0.9779702229314307
114,0.9668061196336561,0.03319388036634374
115,0.9919261890110873,0.008073810988912711
116,0.0687847838275021,0.931215216172498
117,0.9863412597580222,0.01365874024197781
118,0.9846214059065836,0.015378594093416251
119,0.9490240140842361,0.05097598591576402
120,0.9519578934962436,0.048042106503756433
121,0.032553954777575674,0.9674460452224243
122,0.9890513088267252,0.010948691173274796
123,1.1300308173440509e-06,0.9999988699691825
124,0.14996531832964816,0.8500346816703519
125,0.06692727800926876,0.9330727219907313
126,0.04384914828919632,0.9561508517108036
127,0.06359906385485861,0.9364009361451415
128,0.0440088515700424,0.9559911484299579
129,0.03465328481797367,0.9653467151820263
130,0.9329233591068815,0.06707664089311861
131,0.9990439280447715,0.0009560719552285971
132,0.0960842908632974,0.9039157091367027
133,0.9894810687276495,0.010518931272350566
134,0.9998992703530204,0.00010072964697966456
135,0.007830301259938444,0.9921696987400614
136,0.05713630906245066,0.9428636909375494
137,0.10358586929140615,0.8964141307085938
138,0.9651710772930385,0.034828922706961515
139,0.9991319579636315,0.0008680420363684232
140,0.008420527061904024,0.9915794729380961
141,0.08927137321864052,0.9107286267813595
142,0.978959633168637,0.021040366831362973
143,0.996754472723607,0.0032455272763931005
144,0.040961689105862474,0.9590383108941375
145,0.05513268444473725,0.9448673155552627
146,0.04014361901430213,0.9598563809856978
147,0.07534984541849764,0.9246501545815025
148,0.010717145688692482,0.9892828543113074
149,0.985171119870287,0.014828880129713033
150,3.7319128318657967e-07,0.9999996268087168
151,0.04530656029523833,0.9546934397047616
152,0.9717642543324638,0.028235745667536
153,0.9862012580175168,0.013798741982483148
154,0.05976136002776411,0.9402386399722358
155,0.9997631031618384,0.00023689683816151435
156,0.022520544612665668,0.9774794553873343
157,0.05652767553910443,0.9434723244608956
158,5.42790096982831e-06,0.9999945720990301
159,0.9492230246533141,0.050776975346685946
160,0.9522735053684035,0.04772649463159646
161,0.050217826711338995,0.9497821732886612
162,0.02340411308859801,0.976595886911402
163,0.9457398917263725,0.05426010827362751
164,0.02029441337188903,0.9797055866281108
165,0.9687834299889106,0.03121657001108937
166,0.9996131475221288,0.00038685247787119935
167,0.9819649938466051,0.018035006153395015
168,0.02966770146989681,0.9703322985301033
169,0.9993659257308343,0.000634074269165809
170,0.9567559736736656,0.04324402632633454
171,0.003646594685695256,0.9963534053143049
172,0.004605245483608939,0.995394754516391
173,0.9997432466399381,0.00025675336006179925
174,0.9566099397421279,0.04339006025787196
175,0.026576271703531985,0.9734237282964681
176,0.02374586786240584,0.976254132137594
177,0.05724888740548877,0.9427511125945115
178,0.9982992698618123,0.0017007301381877008
179,1.8752357017269303e-06,0.9999981247642983
180,0.9694864195496687,0.030513580450331052
181,0.9387592092888014,0.06124079071119852
182,0.16673049975074383,0.833269500249256
183,0.9820202158241502,0.01797978417584986
184,0.21129277606367264,0.7887072239363271
185,0.6649765643275772,0.33502343567242276
186,0.999736323627436,0.00026367637256396467
187,0.9696847545031826,0.030315245496817394
188,0.9665908071836109,0.033409192816389044
189,0.16201361584815602,0.8379863841518438
190,0.7493238890549575,0.25067611094504255
191,1.4443980076285042e-05,0.9999855560199237
192,6.022724706205511e-06,0.9999939772752938
193,0.021614948366750326,0.9783850516332498
194,0.0026571110362891004,0.9973428889637109
195,0.0763065974786795,0.9236934025213206
196,1.242885688225737e-05,0.9999875711431178
197,1.306956129358266e-06,0.9999986930438707
198,0.9931334255234849,0.006866574476515224
199,0.9998389663911673,0.00016103360883277216
200,0.9706952615776592,0.029304738422340697
201,0.9766368658834805,0.023363134116519392
202,0.07866354334154367,0.9213364566584564
203,2.1419296048063724e-06,0.9999978580703951
204,0.07315531256961234,0.9268446874303877
205,0.055628643543514246,0.9443713564564857
206,0.9844833562130456,0.01551664378695458
207,0.8345552211817858,0.1654447788182142
208,4.122097775074815e-06,0.9999958779022249
209,0.9755368922375636,0.024463107762436372
210,0.08752160059554284,0.912478399404457
211,0.08714882583710877,0.9128511741628914
212,0.9989297283821625,0.001070271617837538
213,0.1699227870561462,0.8300772129438538
214,0.04700759286196692,0.9529924071380331
215,0.05519361924531228,0.9448063807546878
216,0.6279447680195447,0.3720552319804553
217,0.0793875258954932,0.9206124741045071
218,0.9929346273019672,0.007065372698032732
219,0.9977052794056022,0.002294720594397745
220,0.46335582328873176,0.5366441767112682
221,0.9983729083718179,0.0016270916281820413
222,0.024433697200206623,0.9755663027997932
223,0.09780522271872827,0.9021947772812718
224,0.23082406973499056,0.7691759302650095
225,3.063007232762961e-07,0.9999996936992767
226,0.02050670027211613,0.9794932997278839
227,0.24748959423623265,0.7525104057637673
228,1.333642119367987e-06,0.9999986663578806
229,0.9838415114609815,0.01615848853901846
230,3.7302780959377827e-06,0.999996269721904
231,0.9703576725369762,0.02964232746302373
232,0.06830412460229927,0.9316958753977007
233,0.986223698419326,0.013776301580673951
234,0.011164089392727235,0.9888359106072726
235,0.13722613212386395,0.8627738678761361
236,0.9988939563037043,0.0011060436962958028
237,0.7616709217443298,0.23832907825567004
238,3.0476699538480327e-06,0.9999969523300463
239,0.025735532795236347,0.9742644672047636
240,0.9759037285219071,0.024096271478092894
241,0.9925054683443819,0.00749453165561802
242,0.028248985278832253,0.971751014721168
243,0.03041000690630387,0.9695899930936962
244,0.9145033507780712,0.08549664922192873
245,0.9845085785319563,0.015491421468043864
246,0.999414295223551,0.0005857047764490082
247,0.9704140161758359,0.02958598382416418
248,0.9659891887850047,0.0340108112149952
249,0.9777112999142148,0.022288700085785235
250,0.1177333408621999,0.8822666591378002
251,3.0818490551989562e-06,0.9999969181509448
252,0.05329832347981935,0.9467016765201806
253,0.9903297950581721,0.009670204941827912
254,0.9988895008910048,0.0011104991089952783
255,0.044336745088627005,0.9556632549113732
256,0.0030382871036152316,0.9969617128963847
257,0.0625054365865002,0.9374945634134998
258,0.9621185280302641,0.03788147196973591
259,7.65455884423171e-06,0.9999923454411558
260,0.12974376764478007,0.8702562323552201
261,0.961441406530998,0.0385585934690021
262,0.9578421209181888,0.042157879081811254
263,4.319661802300344e-07,0.9999995680338198
264,0.9846731605161294,0.015326839483870537
265,0.0552094298700458,0.9447905701299542
266,0.0026518392915754066,0.9973481607084245
267,0.9997804893020423,0.00021951069795778737
268,0.9852468150543031,0.014753184945696907
269,0.03272032326406824,0.9672796767359318
270,1.838959779373366e-05,0.9999816104022062
271,2.8750994271639872e-06,0.9999971249005729
272,0.9439504922061065,0.056049507793893505
273,0.9987523318715272,0.0012476681284728304
274,0.08008983355685073,0.9199101664431492
275,4.267196734432063e-06,0.9999957328032656
276,0.06771927468421243,0.9322807253157875
277,0.03229312912197272,0.9677068708780272
278,0.9560418927315913,0.043958107268408805
279,0.9605049421267301,0.039495057873269825
280,0.028626126042324503,0.9713738739576754
281,0.010252682692757217,0.9897473173072427
282,0.022755954639724952,0.977244045360275
283,3.412837513336963e-06,0.9999965871624867
284,0.07424072305067692,0.9257592769493229
285,9.673758174689506e-07,0.9999990326241824
286,0.9791560773742214,0.02084392262577867
287,0.9997321120249261,0.00026788797507388054
288,0.9770765427738038,0.022923457226196115
289,0.8982469184160773,0.10175308158392264
290,0.02772369024830173,0.9722763097516983
291,0.9785882841636929,0.021411715836307126
292,0.04549935521954778,0.954500644780452
293,0.9808965945314204,0.019103405468579665
294,0.9996321162615796,0.00036788373842037053
295,0.13451462663415603,0.8654853733658441
296,1.0209640843545572e-06,0.9999989790359156
297,0.01093410894859397,0.989065891051406
298,1.3033630136301117e-06,0.9999986966369864
299,5.334523309540727e-07,0.999999466547669
300,0.6484017021329899,0.35159829786701025
301,0.04471831786350051,0.9552816821364996
302,0.9726213938024828,0.027378606197517173
303,0.828409937534761,0.17159006246523914
304,0.975817024131246,0.02418297586875389
305,0.026015695137357974,0.9739843048626422
306,0.023584371136128025,0.9764156288638721
307,4.692924908321432e-06,0.9999953070750918
308,0.9999261085163323,7.38914836676891e-05
309,0.4738967026525455,0.5261032973474544
310,0.950652995305497,0.04934700469450287
311,6.5761780132849855e-06,0.9999934238219866
312,0.9998431944459711,0.00015680555402892095
313,0.9693843517945868,0.030615648205413064
314,0.9703206093076391,0.029679390692360936
315,0.019617970896813296,0.9803820291031867
316,0.01424165953102982,0.98575834046897
317,0.9717899710778947,0.028210028922105328
318,0.3727337274373357,0.6272662725626643
319,0.06658743484980852,0.9334125651501913
320,0.9916236484422929,0.008376351557707138
321,0.09069402222491427,0.9093059777750858
322,0.9322871032711921,0.06771289672880797
323,0.9661093871987078,0.033890612801292165
324,0.9612239034117767,0.03877609658822335
325,0.9713608510403711,0.02863914895962905
326,8.73488271469028e-06,0.9999912651172853
327,0.03820036756249788,0.9617996324375021
328,0.985139590542278,0.014860409457722063
329,1.1817788388560032e-06,0.9999988182211612
330,3.1037420200083805e-06,0.99999689625798
331,0.9747372750577513,0.025262724942248772
332,0.011223181113297967,0.988776818886702
333,0.0047156752559515975,0.9952843247440482
334,0.9998377786830781,0.00016222131692198306
335,0.9989290099534733,0.0010709900465268414
336,0.9718781136061541,0.028121886393845986
337,0.863809182959996,0.13619081704000427
338,0.9950865146089897,0.004913485391010274
339,0.02289157111419142,0.9771084288858087
340,6.220791783898953e-06,0.9999937792082162
341,0.9997819079512442,0.0002180920487559117
342,0.9863190101783669,0.013680989821633176
343,0.9998226451941047,0.00017735480589521724
344,4.388714911066579e-06,0.9999956112850888
345,4.554443351949433e-07,0.9999995445556649
346,0.9584386796485803,0.041561320351419684
347,0.9840817295626579,0.015918270437341998
348,0.951635188404129,0.048364811595870916
349,0.0726806764820651,0.9273193235179351
350,1.7305165521250417e-06,0.9999982694834478
351,0.021826305987404537,0.9781736940125954
352,0.9997104389759828,0.0002895610240170496
353,0.09205069636708214,0.9079493036329179
354,0.004925003030832635,0.9950749969691672
355,7.2010984901772186e-06,0.9999927989015099
356,0.05044116334478262,0.9495588366552171
357,0.0025260191932879286,0.9974739808067121
358,0.043365491067746495,0.9566345089322537
359,0.03127678173885382,0.9687232182611462
360,0.07214571681497645,0.9278542831850235
361,1.7891992430023975e-07,0.9999998210800757
362,0.9661854853511541,0.0338145146488459
363,0.9730171118146373,0.02698288818536264
364,0.05710831410673107,0.942891685893269
365,3.7481665192744558e-06,0.9999962518334806
366,0.01885930164033522,0.9811406983596649
367,0.024110368209606974,0.975889631790393
368,7.80582301192504e-06,0.999992194176988
369,0.9869687236666691,0.01303127633333089
370,0.9912798827444304,0.008720117255569508
371,0.8722798266077404,0.1277201733922594
372,3.445406240149988e-07,0.999999655459376
373,0.9902702333868592,0.009729766613140841
374,0.07593132142132311,0.9240686785786768
375,0.9999353561339032,6.464386609691803e-05
376,0.14810091658424684,0.8518990834157534
377,0.9826759333039897,0.017324066696010262
378,0.9840930391586376,0.01590696084136253
379,0.9041498966675133,0.09585010333248693
380,0.9991800335651471,0.000819966434852954
381,0.9996619638701614,0.0003380361298385734
382,0.10350969083133461,0.8964903091686655
383,0.8606646231954285,0.13933537680457164
384,0.9871247144420772,0.012875285557922892
385,0.9777809125395992,0.022219087460400893
386,0.9912480820393677,0.008751917960632362
387,0.9890678778790298,0.010932122120970257
388,0.9997117458718507,0.0002882541281493201
389,0.9990629851519284,0.0009370148480715612
390,0.07468408164668122,0.9253159183533188
391,0.9994123105024108,0.0005876894975891741
392,0.9753050549145619,0.024694945085438055
393,0.9794002528232035,0.020599747176796374
394,1.427095949840817e-06,0.9999985729040503
395,1.2247492052219313e-06,0.9999987752507947
396,6.067401199464167e-06,0.9999939325988005
397,0.9568868826504519,0.043113117349548175
398,0.9480857606057737,0.05191423939422636
399,2.2838804737069302e-07,0.9999997716119526
400,0.033036474001042204,0.966963525998958
401,0.999574026388337,0.00042597361166300704
402,0.051388660508534724,0.9486113394914651
403,0.939952070659572,0.060047929340428026
404,0.1268121314263119,0.8731878685736881
405,0.9757899512146733,0.024210048785326795
406,0.5063205165442108,0.49367948345578916
407,0.9568442736692413,0.04315572633075882
408,0.9549630279181305,0.04503697208186969
409,0.8589556172180747,0.14104438278192535
410,0.9999411093533819,5.889064661798988e-05
411,0.9674259732553712,0.03257402674462887
412,3.549777664290406e-06,0.9999964502223357
413,0.9990346995216923,0.0009653004783075577
414,0.9998232357892944,0.00017676421070554382
415,0.966370648357268,0.03362935164273186
416,0.1553138812816311,0.8446861187183687
417,6.770993385087056e-06,0.9999932290066148
418,0.01984153601739386,0.980158463982606
419,0.07293552907100057,0.9270644709289996
420,0.6157664784996767,0.3842335215003233
421,0.9805298720341947,0.01947012796580523
422,1.9721463459898173e-06,0.999998027853654
423,0.6260206460483582,0.3739793539516418
424,0.059094605793565846,0.9409053942064342
425,0.09766135629950487,0.9023386437004951
426,0.9512856823980927,0.04871431760190734
427,0.9742747828075979,0.025725217192402134
428,0.9742090289620632,0.025790971037936743
429,0.07199619880561278,0.928003801194387
430,0.9818742765055005,0.018125723494499448
431,1.9312397131200337e-06,0.9999980687602869
432,0.9656375078718524,0.03436249212814757
433,1.069490101114617e-05,0.9999893050989888
434,0.9995597257043527,0.0004402742956473668
435,3.0119560460664304e-06,0.9999969880439539
436,0.9580795772722053,0.04192042272779469
437,0.023730218878407393,0.9762697811215926
438,0.022323428823666832,0.9776765711763331
439,0.06107177557938577,0.9389282244206142
440,0.009659076988524388,0.9903409230114757
441,0.03593199660061001,0.96406800339939
442,0.963784976612611,0.036215023387389106
443,0.0580053185990642,0.9419946814009359
444,0.3630106651115694,0.6369893348884306
445,0.9791470492985723,0.020852950701427644
446,0.5433224155125874,0.45667758448741275
447,0.007509160728406966,0.9924908392715931
448,0.9998322084698185,0.0001677915301816451
449,0.167020146830912,0.832979853169088
450,0.9786008861707761,0.021399113829223965
451,6.943152637569369e-06,0.9999930568473625
452,0.043600802659203124,0.9563991973407969
453,0.9612868628137624,0.038713137186237666
454,0.9072906352285509,0.0927093647714491
455,1.1445965206019555e-06,0.9999988554034794
456,0.9658672554970076,0.03413274450299246
457,0.9768691098370517,0.02313089016294841
458,0.9672618605628084,0.032738139437191595
459,0.004479738459908266,0.9955202615400918
460,0.22677691755802526,0.7732230824419748
461,2.2834936495065112e-07,0.999999771650635
462,0.9830258687585498,0.016974131241450224
463,0.0805407264895732,0.9194592735104269
464,0.9384335726430704,0.061566427356929694
465,0.8844762182487506,0.11552378175124936
466,4.170850204923425e-07,0.9999995829149795
467,1.4214217786167337e-06,0.9999985785782214
468,0.9556434991512769,0.04435650084872324
469,0.9682368754304596,0.03176312456954043
470,0.03248362619213767,0.9675163738078624
471,0.9533706543489332,0.04662934565106679
472,0.7381320141441308,0.2618679858558692
473,0.1471468712884764,0.8528531287115234
474,0.9875488372052672,0.012451162794732665
475,0.13049753330110128,0.8695024666988986
476,0.9520551243627433,0.04794487563725658
477,9.844305284114673e-06,0.9999901556947159
478,0.5825676849227619,0.417432315077238
479,0.057810740350932664,0.9421892596490673
480,0.9802857435843991,0.01971425641560094
481,0.9621968832539327,0.03780311674606742
482,0.9562505540435137,0.043749445956486346
483,0.9793507443589899,0.02064925564101006
484,0.963517804107332,0.03648219589266787
485,1.6362086960651827e-06,0.9999983637913039
486,0.9838309893767533,0.016169010623246678
487,0.15082525810547526,0.8491747418945246
488,4.6839227597614874e-07,0.9999995316077239
489,0.9175174070566665,0.0824825929433336
490,0.05824244554928226,0.9417575544507177
491,0.9991881010118854,0.0008118989881146
492,0.978206613983953,0.021793386016047078
493,0.9176765133077042,0.08232348669229549
494,0.9998302528941142,0.0001697471058856713
495,0.029821671475336695,0.9701783285246633
496,0.9659977750886041,0.03400222491139595
497,0.9899861306496872,0.010013869350312721
498,0.9998749094254749,0.0001250905745251111
499,2.4719470050116485e-06,0.9999975280529949
500,0.9227129728454792,0.07728702715452092
501,4.663360484349057e-06,0.9999953366395157
502,0.0131496719002042,0.9868503280997957
503,0.9197329963569378,0.08026700364306229
504,0.9996521791642126,0.0003478208357875222
505,9.651625383048955e-06,0.9999903483746169
506,0.9879361114278689,0.01206388857213124
507,0.01640790246064113,0.9835920975393591
508,0.9758628644557737,0.024137135544226272
509,1.3580555002766673e-06,0.9999986419444997
510,0.005529472022494029,0.9944705279775061
511,0.08959479305474609,0.9104052069452541
512,0.059069070145787834,0.9409309298542123
513,0.9926113767532979,0.0073886232467021175
514,0.4798797641929948,0.5201202358070053
515,0.9837484347941782,0.01625156520582181
516,0.9524308263960228,0.047569173603977145
517,0.9739796857419604,0.026020314258039638
518,0.981884356471023,0.018115643528977057
519,0.9603870531982561,0.039612946801743765
520,0.9819942868891746,0.018005713110825432
521,0.050295552271582805,0.9497044477284171
522,0.9800197830033659,0.019980216996634086
523,0.9783365301257207,0.02166346987427934
524,0.8938422848180895,0.10615771518191087
525,0.09646337766544276,0.9035366223345572
526,0.9126666405790513,0.08733335942094854
527,0.9693495029806356,0.03065049701936448
528,1.8666171176549373e-06,0.9999981333828823
529,0.0816908385512986,0.9183091614487012
530,1.4600326926216871e-05,0.9999853996730738
531,0.05172460704645455,0.9482753929535455
532,0.973633756929733,0.026366243070267047
533,6.068808827269737e-06,0.9999939311911727
534,0.970772274133528,0.02922772586647199
535,1.8680559343930455e-06,0.9999981319440657
536,0.9904377256605839,0.009562274339416137
537,7.653887734424388e-07,0.9999992346112265
538,0.022366590168521154,0.9776334098314786
539,0.9385307111144432,0.06146928888555683
540,0.9890334625577049,0.01096653744229518
541,0.9834561500859844,0.016543849914015616
542,0.9737092270180154,0.02629077298198463
543,0.901896577399447,0.09810342260055295
544,0.9849016000099076,0.01509839999009231
545,0.9799816763999537,0.020018323600046198
546,0.9739473710408821,0.026052628959117828
547,0.9689886000565162,0.0310113999434838
548,0.06536322824779697,0.9346367717522033
549,0.9741171658035164,0.02588283419648364
550,0.9922365254376856,0.007763474562314398
551,0.4875418336147574,0.5124581663852424
552,0.025611451649228584,0.9743885483507713
553,0.9459058453092004,0.05409415469079956
554,1.55967308353736e-05,0.9999844032691647
555,0.07905410109634355,0.9209458989036564
556,0.028500558765751624,0.9714994412342485
557,0.9769614480333318,0.02303855196666821
558,0.09174465592183145,0.9082553440781684
559,3.000991784757897e-06,0.9999969990082153
560,0.05270748644429458,0.9472925135557055
561,0.9843056752175333,0.01569432478246669
562,0.9236500401715194,0.07634995982848036
563,0.9504326818448237,0.04956731815517643
564,0.07774680435096464,0.9222531956490355
565,0.23488447532358467,0.7651155246764154
566,0.11964330155972583,0.8803566984402743
567,0.9726404550798409,0.027359544920159035
568,1.1061802323274415e-06,0.9999988938197677
569,0.9690670240601277,0.030932975939872268
570,0.999588108506566,0.00041189149343400075
571,0.9518429860573843,0.04815701394261585
572,0.1295593798769951,0.8704406201230049
573,1.1646017438202408e-06,0.9999988353982563
574,0.9909289328596965,0.009071067140303523
575,0.30257716762187303,0.697422832378127
576,3.2638706082324164e-06,0.9999967361293918
577,9.977135431406605e-06,0.9999900228645686
578,4.44849637646356e-06,0.9999955515036236
579,1.4858422924149366e-05,0.9999851415770759
580,0.010809571381223704,0.9891904286187763
581,0.999825468665768,0.0001745313342319822
582,0.9881785044864417,0.011821495513558327
583,1.843020787364777e-06,0.9999981569792126
584,7.495460075537327e-06,0.9999925045399245
585,0.9760027370665078,0.02399726293349237
586,0.28551344497404896,0.7144865550259509
587,0.9779824095253967,0.02201759047460332
588,0.018865379300476524,0.9811346206995234
589,0.9820517711157245,0.0179482288842755
590,0.08521038464463401,0.9147896153553662
591,4.141439373376635e-07,0.9999995858560626
592,0.0027311416705824393,0.9972688583294176
593,0.06137508728379357,0.9386249127162063
594,0.03211472433236278,0.9678852756676373
595,4.070873848676697e-06,0.9999959291261512
596,0.0053039796817509425,0.9946960203182491
597,7.552556480926721e-06,0.9999924474435191
598,1.4175116936252888e-06,0.9999985824883064
599,0.023463519440062086,0.9765364805599379
600,0.029559223916710103,0.9704407760832898
601,0.05899540461386274,0.9410045953861375
602,0.9280929193422479,0.07190708065775206
603,0.03773939626268509,0.9622606037373149
604,0.9771019181882402,0.022898081811759816
605,0.025838241834908363,0.9741617581650917
606,0.01973493402391557,0.9802650659760845
607,0.9882924135749904,0.01170758642500958
608,0.6299453008784571,0.37005469912154293
609,0.9823760200354363,0.017623979964563656
610,0.9882313616454466,0.011768638354553308
611,0.954782616377738,0.04521738362226193
612,0.4485191408224497,0.5514808591775502
613,2.247733991535403e-06,0.9999977522660084
614,0.940278923886699,0.05972107611330106
615,0.9995167831959526,0.0004832168040473681
616,0.9853391851724588,0.014660814827541115
617,0.026990296561260275,0.9730097034387397
618,9.25813190556673e-06,0.9999907418680944
619,0.0667611406010207,0.9332388593989793
620,0.9804907898417556,0.019509210158244212
621,0.048160784162219986,0.95183921583778
622,0.9998289915788302,0.00017100842116992237
623,0.741691083782779,0.25830891621722096
624,0.9740847228460263,0.025915277153973616
625,0.07876773350187809,0.9212322664981221
626,0.05597831726017976,0.9440216827398202
627,0.12069747449178571,0.8793025255082141
628,0.013656470821525789,0.9863435291784741
629,0.06747571942858997,0.9325242805714101
630,0.12165587327291376,0.8783441267270862
631,0.04119094398920688,0.958809056010793
632,0.9571804521331465,0.04281954786685357
633,0.9561025103140715,0.0438974896859285
634,3.53750672899043e-06,0.999996462493271
635,0.042364293882434234,0.9576357061175655
636,0.9386716489576679,0.06132835104233202
637,0.7959603618600761,0.20403963813992373
638,0.993671503595791,0.006328496404208817
639,0.008492763561446588,0.9915072364385533
640,0.9996673248033345,0.0003326751966654352
641,0.99990854506484,9.1454935160019e-05
642,0.030250558256371716,0.9697494417436284
643,0.0240910972616595,0.9759089027383406
644,0.9308243968212755,0.06917560317872443
645,1.527197500191578e-05,0.999984728024998
646,0.978775711391361,0.021224288608639022
647,7.3576884793567806e-06,0.9999926423115206
648,0.0567819758738193,0.9432180241261808
649,0.9602454433039092,0.03975455669609092
650,0.9644801411531326,0.03551985884686728
651,0.07174897265434231,0.9282510273456576
652,0.05706827998850821,0.9429317200114918
653,0.006544873157213189,0.9934551268427868
654,0.864572993583454,0.13542700641654584
655,0.9340467796053734,0.06595322039462673
656,6.216066387298154e-07,0.9999993783933613
657,0.9998477601152431,0.0001522398847568382
658,0.9672179595577912,0.032782040442208844
659,1.9289789655071905e-06,0.9999980710210346
660,0.9524742911914945,0.04752570880850543
661,0.018204399030369623,0.9817956009696306
662,0.9380789123702319,0.0619210876297681
663,0.0576055330340979,0.9423944669659021
664,0.017403330015973127,0.9825966699840268
665,0.046934696263407655,0.9530653037365922
666,0.011116018757834724,0.9888839812421653
667,0.9909436998921928,0.009056300107807329
668,0.9998742720027295,0.00012572799727056372
669,0.15586348942837872,0.8441365105716214
670,0.9353281355085749,0.06467186449142517
671,0.9894511838662075,0.01054881613379261
672,0.9767139609119929,0.023286039088007176
673,0.9405112808358768,0.05948871916412313
674,0.9664040589418964,0.033595941058103596
675,3.962260135186186e-06,0.9999960377398648
676,0.03832564253229247,0.9616743574677077
677,0.693258086410784,0.30674191358921593
678,0.9848350056672065,0.015164994332793528
679,0.9605877945718869,0.039412205428113065
680,0.06375046204324662,0.9362495379567533
681,0.9694560219091051,0.030543978090895027
682,0.13646315967108225,0.863536840328918
683,0.006488556032890736,0.9935114439671092
684,0.545784745720531,0.45421525427946907
685,0.06433927205853845,0.9356607279414616
686,0.9998542542318514,0.00014574576814856347
687,0.006486374980166481,0.9935136250198336
688,0.9790756622713559,0.020924337728644084
689,1.3765495631967717e-06,0.9999986234504368
690,8.306209817024601e-06,0.9999916937901829
691,8.11675873781112e-07,0.9999991883241262
692,0.9905095011872352,0.009490498812764713
693,0.96593426680931,0.03406573319069001
694,0.11037088993193923,0.8896291100680608
695,0.02247430480509022,0.97752569519491
696,0.97174974423359,0.028250255766410076
697,0.9014993626156763,0.09850063738432364
698,0.0032220355846193437,0.9967779644153806
699,0.08261648864915111,0.9173835113508487
700,0.9988717392697044,0.0011282607302956686
701,4.351948335018198e-07,0.9999995648051666
702,0.9893932582014995,0.010606741798500482
703,3.5757289129284525e-06,0.9999964242710871
704,0.9995972659265889,0.00040273407341090563
705,0.9785736572369663,0.021426342763033637
706,0.897880678998792,0.10211932100120805
707,0.9670213940615451,0.03297860593845501
708,0.9531883735005198,0.046811626499480175
709,5.813773204330936e-07,0.9999994186226796
710,0.9998468385713194,0.00015316142868061108
711,0.9781855913610924,0.02181440863890747
712,0.9999095006758404,9.049932415953088e-05
713,0.9789696366290022,0.021030363370997802
714,0.9384140027332161,0.06158599726678384
715,0.9940687115904483,0.005931288409551637
716,0.07851947669854377,0.9214805233014562
717,0.007647033559600939,0.992352966440399
718,0.7266861586910546,0.27331384130894537
719,8.521030327244116e-06,0.9999914789696728
720,0.9643133633711121,0.035686636628887845
721,1.048464171578002e-05,0.9999895153582843
722,0.08351402682451425,0.9164859731754857
723,0.7443345251829748,0.2556654748170252
724,0.046736119870767506,0.9532638801292327
725,5.284118940877693e-06,0.9999947158810591
726,0.006834907670410765,0.9931650923295894
727,0.9397148659475351,0.060285134052464856
728,0.970280581936386,0.029719418063613928
729,0.060265702277185466,0.9397342977228146
730,0.9107432204903634,0.08925677950963681
731,3.524155980748774e-06,0.9999964758440193
732,0.9623245782634211,0.03767542173657897
733,0.9997849201223056,0.00021507987769433094
734,0.04248835553868862,0.9575116444613113
735,0.6065665618514264,0.39343343814857357
736,0.9846765741321919,0.01532342586780819
737,0.9808227394505209,0.019177260549478988
738,0.9240950725322353,0.07590492746776466
739,0.021196460035747225,0.9788035399642525
740,0.9898859801909027,0.010114019809097414
741,0.9991168603622436,0.0008831396377562967
742,0.9907444637607297,0.009255536239270406
743,0.009051318003344952,0.9909486819966549
744,0.027701616299514818,0.972298383700485
745,0.09382581990064877,0.9061741800993515
746,0.9787112392258736,0.021288760774126513
747,3.094050850123403e-06,0.9999969059491499
748,0.6130801056107199,0.38691989438927993
749,0.8836887728395588,0.11631122716044108
750,0.9998273017735907,0.00017269822640926264
751,0.975680983876576,0.024319016123423975
752,0.9605250946458329,0.03947490535416721
753,0.009679136498390539,0.9903208635016097
754,0.9662348978205634,0.03376510217943653
755,0.9845595559142789,0.015440444085721048
756,0.9253322992846723,0.07466770071532747
757,0.04422672135125563,0.9557732786487443
758,0.7929724864192349,0.20702751358076507
759,0.9812879250954254,0.018712074904574702
760,0.99194686024738,0.008053139752619896
761,0.13631316061859494,0.8636868393814051
762,0.09832247086057151,0.9016775291394284
763,0.004809339319520681,0.9951906606804795
764,1.162414040210111e-06,0.9999988375859598
765,0.06263099272359587,0.9373690072764042
766,5.414118950638809e-07,0.9999994585881049
767,0.9836461490577809,0.016353850942219247
768,0.9860565641578092,0.013943435842190873
769,5.6195643946756474e-06,0.9999943804356053
770,0.6168530900742123,0.3831469099257877
771,0.9999026142983951,9.738570160486544e-05
772,0.0419520045283022,0.9580479954716978
773,0.01001748938973539,0.9899825106102644
774,0.9701507319612723,0.02984926803872766
775,0.06690482421819763,0.9330951757818025
776,0.037620445934355186,0.962379554065645
777,0.993884286086419,0.006115713913581087
778,0.051795329812593126,0.948204670187407
779,0.1358199358266951,0.8641800641733047
780,0.11191542646708257,0.8880845735329175
781,0.030396461540066044,0.969603538459934
782,0.4372754845292379,0.562724515470762
783,0.9229336849938231,0.077066315006177
784,0.03977677503856242,0.9602232249614376
785,0.9848929820820116,0.015107017917988531
786,0.9998492497412641,0.00015075025873591462
787,0.9998213718136225,0.0001786281863774559
788,0.39476998156949905,0.605230018430501
789,0.9868899427029295,0.013110057297070541
790,0.15267529861314214,0.847324701386858
791,0.9426782278921122,0.057321772107887935
792,0.9389865320915947,0.06101346790840539
793,0.9771137080463287,0.022886291953671308
794,0.9818836258123238,0.018116374187676164
795,0.8602784157849582,0.1397215842150416
796,0.9912586148146777,0.008741385185322182
797,1.7083413203246902e-06,0.9999982916586797
798,0.6442118576815802,0.35578814231842
799,0.9112473113953395,0.08875268860466044
800,0.026836721092629988,0.9731632789073702
801,0.9997482614517521,0.0002517385482479582
802,0.12506194802610582,0.8749380519738942
803,0.9538977980048758,0.04610220199512419
804,0.05942080234057931,0.9405791976594208
805,0.13693559792040058,0.8630644020795993
806,1.2700895077771365e-06,0.9999987299104921
807,0.9760296802031656,0.023970319796834543
808,1.0553292179112273e-06,0.999998944670782
809,0.7976988515470835,0.2023011484529165
810,0.979933598709692,0.020066401290308074
811,0.9921336647853981,0.007866335214601889
812,0.9995308272478827,0.00046917275211732655
813,0.027867871260259382,0.9721321287397406
814,0.8902148813032482,0.10978511869675169
815,0.021981649155529942,0.9780183508444701
816,0.9716497203999416,0.02835027960005853
817,0.05034233901697826,0.9496576609830217
818,1.2427372794885049e-06,0.9999987572627205
819,0.9515915989816924,0.048408401018307526
820,0.9895208735383892,0.010479126461610665
821,0.038037246894004464,0.9619627531059958
822,0.043762185274527146,0.9562378147254729
823,0.9622614058135046,0.03773859418649522
824,0.9541658790645355,0.045834120935464386
825,0.6122860205487011,0.38771397945129876
826,0.989850725843559,0.010149274156440886
827,0.7450683797858443,0.2549316202141557
828,0.04329798299016247,0.9567020170098375
829,0.958604763435524,0.041395236564475975
830,0.7558054504760283,0.24419454952397165
831,5.17223120794715e-06,0.999994827768792
832,0.016381618232914636,0.9836183817670853
833,0.569012521609867,0.4309874783901328
834,0.053802091187300415,0.9461979088126996
835,0.9940590357631095,0.005940964236890436
836,1.2435542529445524e-06,0.999998756445747
837,0.9998891661141268,0.00011083388587308682
838,0.984343798829133,0.015656201170867107
839,0.956368887616857,0.04363111238314288
840,0.9804982125745807,0.019501787425419203
841,0.09467575760788054,0.9053242423921195
842,0.30944467649848817,0.6905553235015119
843,0.032038717361625786,0.9679612826383742
844,0.9871456578964858,0.012854342103514273
845,3.6523261829667573e-06,0.999996347673817
846,0.036885053542137176,0.9631149464578628
847,7.121740871225771e-07,0.9999992878259129
848,0.05157730468934756,0.9484226953106523
849,1.0869801809078955e-06,0.999998913019819
850,0.9995686604824804,0.00043133951751966236
851,0.9674952014184499,0.03250479858154999
852,8.660318888552039e-07,0.9999991339681111
853,0.9783143895279155,0.021685610472084567
854,0.1317830127742966,0.8682169872257034
855,0.011637793926655654,0.9883622060733441
856,0.9998426716862897,0.00015732831371019946
857,1.318362685253308e-05,0.9999868163731475
858,0.9988438984952628,0.0011561015047371688
859,0.9799129505839532,0.02008704941604679
860,0.2809745697813046,0.7190254302186955
861,0.08254380874872069,0.9174561912512794
862,0.9920541741899562,0.00794582581004377
863,5.242009171885122e-07,0.9999994757990828
864,3.922632701243971e-06,0.9999960773672988
865,0.028523249998554236,0.9714767500014457
866,1.0090099615322652e-06,0.9999989909900384
867,0.9997509909645725,0.00024900903542742625
868,0.9997623595636651,0.00023764043633495293
869,0.05638689298289286,0.9436131070171072
870,0.9850231107607682,0.014976889239231874
871,0.02258815815522961,0.9774118418447705
872,0.999398502519537,0.0006014974804631092
873,0.9822200713034532,0.017779928696546817
874,0.9650388948536427,0.03496110514635742
875,0.006567167156269113,0.9934328328437311
876,0.9011893563594185,0.09881064364058151
877,0.0027430038378848938,0.997256996162115
878,0.9757613497121267,0.02423865028787342
879,2.350678610977235e-06,0.9999976493213891
880,0.10528183046876566,0.8947181695312343
881,0.9803243424039726,0.01967565759602746
882,0.02578581967367046,0.9742141803263296
883,0.9919337267798646,0.00806627322013543
884,0.9239048627518687,0.07609513724813163
885,0.017299629517950523,0.9827003704820495
886,0.02668799730412678,0.9733120026958731
887,0.3519469474830315,0.6480530525169683
888,2.5335869125598224e-06,0.9999974664130875
889,0.9998171662152217,0.0001828337847784188
890,0.8934712027566699,0.10652879724333007
891,0.9805273452625121,0.01947265473748794
892,1.166881347491689e-06,0.9999988331186526
893,7.145435167242655e-07,0.9999992854564833
894,0.014973276962116283,0.9850267230378835
895,1.3035606155130023e-05,0.9999869643938449
896,0.9988290994774688,0.0011709005225312456
897,0.016107887703678023,0.9838921122963221
898,8.312104496737738e-06,0.9999916878955033
899,0.07499048747133008,0.9250095125286699
900,0.9689586544402453,0.031041345559754817
901,0.017285702094671875,0.982714297905328
902,0.9827955049343341,0.01720449506566588
903,0.9714690275009958,0.028530972499004097
904,0.842156576746012,0.15784342325398812
905,0.9997011119935388,0.0002988880064612439
906,0.922760113076477,0.07723988692352327
907,0.0807192067920768,0.9192807932079231
908,0.9700633354375933,0.029936664562406644
909,0.9997994845385363,0.00020051546146360386
910,0.9851567818052475,0.014843218194752629
911,0.43088689634795957,0.5691131036520403
912,0.9442242081295082,0.05577579187049169
913,0.9379056346752783,0.06209436532472166
914,0.008847708713345072,0.9911522912866548
915,0.9621441908174148,0.03785580918258512
916,3.7805941773381802e-06,0.9999962194058227
917,0.9401872951460709,0.059812704853929144
918,0.9191648646352496,0.08083513536475048
919,0.07327754883657162,0.9267224511634283
920,0.06737329772915313,0.9326267022708468
921,1.075363830092317e-06,0.9999989246361699
922,0.017170543393379728,0.9828294566066201
923,0.0438959849211379,0.9561040150788621
924,0.058197546062438384,0.9418024539375617
925,0.9999175577775278,8.244222247227858e-05
926,0.9718636611973787,0.028136338802621234
927,0.009325073039008671,0.9906749269609911
928,0.026317143681704153,0.973682856318296
929,2.6801653910928173e-07,0.9999997319834608
930,0.9791487046268874,0.02085129537311256
931,0.1628432903188923,0.8371567096811078
932,0.04860093455768785,0.951399065442312
933,0.21918728979136767,0.7808127102086323
934,0.999782782964546,0.000217217035454005
935,0.04957858656601742,0.9504214134339827
936,1.2035067126647574e-06,0.9999987964932873
937,0.9606297405095487,0.039370259490451205
938,0.9629022288625775,0.037097771137422554
939,0.016350626384390853,0.9836493736156092
940,0.9776558508776061,0.022344149122393988
941,0.0721892167440079,0.9278107832559923
942,0.004942696389096364,0.9950573036109036
943,0.9996946949177533,0.0003053050822467089
944,0.607385017056684,0.3926149829433159
945,0.03976232424466998,0.9602376757553301
946,0.13831352915060488,0.8616864708493949
947,0.947147821245948,0.05285217875405208
948,0.6504798684706559,0.3495201315293443
949,0.06491246527401263,0.9350875347259875
950,0.9983170402592323,0.0016829597407676338
951,0.9791805836764662,0.020819416323533867
952,0.056980712312151835,0.9430192876878482
953,0.002785586150311749,0.9972144138496883
954,0.9937725806645842,0.006227419335415805
955,0.9908873095586733,0.009112690441326685
956,0.9998388252443894,0.00016117475561070282
957,0.8721903478866814,0.12780965211331863
958,0.9819130502200097,0.018086949779990348
959,0.9996957093637557,0.00030429063624423083
960,0.9436859516979114,0.05631404830208859
961,0.988996506964062,0.011003493035937837
962,0.9568059885992929,0.0431940114007071
963,0.07664394843891591,0.9233560515610841
964,0.9355504622980824,0.06444953770191761
965,0.0038415222919243957,0.9961584777080755
966,3.262850513627799e-07,0.9999996737149487
967,0.9902558475993631,0.009744152400637005
968,0.975912595215757,0.02408740478424288
969,0.999446249053565,0.0005537509464350144
970,0.9837927221964312,0.016207277803568884
971,0.9612494428150649,0.038750557184935114
972,8.584759756603185e-06,0.9999914152402435
973,0.9754623320190507,0.02453766798094925
974,0.9393224537041515,0.0606775462958486
975,0.018577417662016232,0.9814225823379839
976,0.8973603488115308,0.10263965118846952
977,0.9369277078641444,0.06307229213585575
978,0.9993075193322455,0.0006924806677544428
979,0.8147013633593256,0.1852986366406743
980,0.9439966215813494,0.05600337841865064
981,0.12076460549916632,0.8792353945008337
982,0.9958558174651807,0.004144182534819381
983,0.9974294723352969,0.0025705276647031454
984,8.257508716389616e-07,0.9999991742491283
985,0.04328061718877075,0.9567193828112291
986,0.9865171171821532,0.013482882817846813
987,0.5104474706039626,0.4895525293960375
988,0.9989332923695291,0.0010667076304708442
989,4.785947413157788e-07,0.9999995214052587
990,0.023621923950408113,0.9763780760495918
991,0.9982199288397134,0.0017800711602865458
992,0.019766486392684347,0.9802335136073156
993,0.9997960114266513,0.00020398857334862587
994,0.024738757469423327,0.9752612425305768
995,7.663533367307144e-06,0.9999923364666328
996,0.9545747633174181,0.045425236682582
997,0.9480966260888799,0.05190337391112007
998,0.9734975420065856,0.026502457993414483
999,0.9826392667668644,0.017360733233135563
1000,0.9998198493212719,0.00018015067872805126
1001,0.9573222098442241,0.04267779015577601
1002,0.9993305076706843,0.0006694923293154806
1003,0.09424057514788356,0.9057594248521162
1004,1.0428291033692939e-06,0.9999989571708966
1005,0.9666805821120698,0.03331941788793013
1006,0.9894052610413311,0.010594738958668885
1007,2.2916864601771112e-06,0.9999977083135398
1008,0.008959972341884722,0.9910400276581153
1009,0.013099583095053685,0.9869004169049463
1010,0.9908456155226076,0.00915438447739229
1011,0.9782604575408694,0.02173954245913054
1012,0.9837736147697113,0.01622638523028878
1013,0.02954604556389736,0.9704539544361026
1014,8.417223706944203e-07,0.9999991582776293
1015,0.05805007878790736,0.9419499212120926
1016,0.9844942289637736,0.015505771036226492
1017,0.25397295743959086,0.7460270425604091
1018,0.03955579705078678,0.9604442029492133
1019,0.0528219865357377,0.9471780134642623
1020,0.9240596500775614,0.07594034992243875
1021,0.9752827343862739,0.0247172656137262
1022,3.45823106354869e-06,0.9999965417689365
1023,0.9403881876074824,0.0596118123925176
1024,0.9739881097208017,0.026011890279198407
1025,0.03474991644738257,0.9652500835526174
1026,0.028903939555510332,0.9710960604444895
1027,0.881729668562156,0.11827033143784405
1028,0.9996536673617882,0.0003463326382118296
1029,0.999621384494912,0.00037861550508805944
1030,0.9833072389032805,0.016692761096719293
1031,0.033722429359425404,0.9662775706405745
1032,8.169265614184623e-07,0.9999991830734386
1033,0.1246163813295871,0.875383618670413
1034,0.9994350676798421,0.0005649323201579554
1035,0.011172216578404857,0.9888277834215948
1036,0.13222720206647806,0.8677727979335219
1037,1.908362332437831e-06,0.9999980916376675
1038,0.9629642240022319,0.037035775997768194
1039,0.9908211073837764,0.009178892616223552
1040,0.9995951470257876,0.00040485297421236104
1041,0.9488802028611867,0.05111979713881326
1042,0.9705521537861916,0.029447846213808217
1043,0.9945425688287448,0.005457431171255143
1044,5.749211351261972e-06,0.9999942507886488
1045,0.9883361650074356,0.011663834992564525
1046,0.005583106381951759,0.9944168936180481
1047,0.9418729665198479,0.058127033480152086
1048,0.07346460939418553,0.9265353906058145
1049,9.218262191681747e-07,0.9999990781737808
1050,0.11705087504864367,0.8829491249513565
1051,0.9686572462429417,0.03134275375705836
1052,0.903687264155304,0.09631273584469616
1053,0.9770647339517712,0.022935266048228795
1054,0.012711813225902726,0.9872881867740972
1055,0.050126529143190095,0.94987347085681
1056,0.03234479584007928,0.9676552041599207
1057,0.9955112601276471,0.004488739872352918
1058,0.9968824459298861,0.0031175540701138507
1059,0.9125677691460263,0.0874322308539735
1060,0.9871868372990639,0.012813162700936092
1061,0.9660797050178445,0.033920294982155604
1062,0.9806700969295111,0.019329903070488912
1063,0.9998985997345907,0.0001014002654091487
1064,0.5,0.5
1065,0.997084066273542,0.0029159337264581015
1066,0.9134498504943535,0.08655014950564653
1067,0.999707708904624,0.0002922910953759481
1068,0.05874477743541974,0.9412552225645803
1069,1.785704540963929e-07,0.9999998214295459
1070,0.9629419711375804,0.037058028862419705
1071,0.15765145175624293,0.8423485482437572
1072,0.555467275779547,0.44453272422045276
1073,0.16787024198728998,0.8321297580127099
1074,0.9996211041495747,0.0003788958504252826
1075,0.023455277836242475,0.9765447221637575
1076,0.026891327640737147,0.9731086723592629
1077,0.9741784578091744,0.02582154219082568
1078,0.9443599453192449,0.055640054680755016
1079,0.9830417224045759,0.01695827759542398
1080,0.005648493044608681,0.9943515069553914
1081,1.307041107006751e-05,0.9999869295889299
1082,0.9470022639159006,0.052997736084099314
1083,0.0032407846464302913,0.9967592153535696
1084,0.07330790529368085,0.9266920947063193
1085,0.034355397905649086,0.9656446020943509
1086,0.9704854793053499,0.029514520694650024
1087,0.966473017781874,0.03352698221812597
1088,0.9927161669646358,0.00728383303536424
1089,0.9802643721865798,0.019735627813420118
1090,0.9882125587128621,0.01178744128713797
1091,0.9926677846534776,0.007332215346522501
1092,0.9998845835533561,0.00011541644664396672
1093,0.9778283712000952,0.02217162879990473
1094,0.24426918491854155,0.7557308150814586
1095,0.15046027808293147,0.8495397219170685
1096,0.9916206846362131,0.008379315363786914
1097,0.0811970514713397,0.9188029485286603
1098,4.051470404645681e-06,0.9999959485295954
1099,0.9956290928031589,0.00437090719684122
1100,0.9967983935934251,0.0032016064065749695
1101,8.296482372515454e-06,0.9999917035176275
1102,0.9907293723860504,0.009270627613949638
1103,0.9860798580220976,0.013920141977902326
1104,0.9435010892740772,0.056498910725922766
1105,0.039230793888377365,0.9607692061116225
1106,0.07372200111770502,0.9262779988822949
1107,0.003652277313920063,0.99634772268608
1108,4.726266537975746e-06,0.999995273733462
1109,0.8372897990946987,0.1627102009053015
1110,1.4371102269616064e-06,0.9999985628897731
1111,0.0914077844569923,0.9085922155430078
1112,6.576867146325028e-07,0.9999993423132854
1113,0.9986967393824078,0.0013032606175922327
1114,0.988701890334313,0.011298109665687096
1115,0.9570816361606194,0.042918363839380545
1116,0.9908759134249828,0.009124086575017166
1117,0.9831225972412302,0.01687740275876987
1118,0.14975707971091043,0.8502429202890895
1119,0.9713874984020541,0.028612501597945973
1120,0.016684240447628625,0.9833157595523713
1121,0.9953949528357963,0.0046050471642037055
1122,0.015361743959710388,0.9846382560402896
1123,0.9978450207135816,0.0021549792864183253
1124,0.04263933031055776,0.9573606696894421
1125,0.9830996802853118,0.016900319714688264
1126,0.05627421459318839,0.9437257854068115
1127,0.9239100535266426,0.07608994647335722
1128,0.9559170529497951,0.044082947050205
1129,0.9617703457091157,0.03822965429088429
1130,6.174616903802074e-06,0.9999938253830962
1131,0.002714476149795446,0.9972855238502045
1132,0.9904325667411785,0.009567433258821397
1133,0.9845612469706958,0.01543875302930418
1134,0.9386448069827608,0.061355193017239205
1135,0.028897075173260036,0.97110292482674
1136,0.9989712434637129,0.0010287565362872252
1137,0.015211975908174696,0.9847880240918253
1138,0.9995544835364449,0.00044551646355504236
1139,3.5125532779321613e-06,0.9999964874467221
1140,0.9998756913842554,0.00012430861574474342
1141,0.03916945403969313,0.9608305459603068
1142,0.9136423863543409,0.08635761364565905
1143,0.02683109015288053,0.9731689098471196
1144,0.004507967930636912,0.9954920320693631
1145,0.022552209331662843,0.9774477906683372
1146,0.052469540723334186,0.9475304592766659
1147,0.9986033133464628,0.0013966866535372333
1148,0.9898964058637905,0.01010359413620944
1149,0.9861198844082294,0.013880115591770529
1150,0.02694754228502069,0.9730524577149794
1151,1.0422863291482972e-05,0.9999895771367086
1152,0.9985067225131025,0.0014932774868975955
1153,0.9603408873272054,0.03965911267279459
1154,0.9998425326354717,0.0001574673645283278
1155,0.1211718388898524,0.8788281611101476
1156,0.02263758206182678,0.977362417938173
1157,0.9695020738181502,0.03049792618184975
1158,0.8722206237556719,0.12777937624432792
1159,2.950107410858668e-06,0.9999970498925891
1160,0.9654194482222417,0.03458055177775836
1161,0.7647397292275205,0.23526027077247946
1162,0.9993598052717336,0.000640194728266496
1163,0.8603720236760225,0.1396279763239776
1164,0.9503234903999073,0.04967650960009272
1165,0.05809436520370927,0.9419056347962906
1166,5.995923899130786e-07,0.99999940040761
1167,0.9696339068427443,0.030366093157255778
1168,0.9994836793603034,0.0005163206396966151
1169,0.9463570973320252,0.053642902667974696
1170,0.9523104603104067,0.04768953968959332
1171,0.9602254922800035,0.03977450771999634
1172,0.1832633774546008,0.816736622545399
1173,0.9746139837471011,0.02538601625289885
1174,0.998647754994276,0.0013522450057240018
1175,0.14959063180999732,0.8504093681900026
1176,0.9449434254369026,0.055056574563097524
1177,0.9800141683574937,0.01998583164250635
1178,0.025213315094791026,0.9747866849052088
1179,0.07355421037599413,0.9264457896240061
1180,0.9998833648346379,0.00011663516536194378
1181,1.6170619350190723e-06,0.999998382938065
1182,0.9613595896132322,0.03864041038676787
1183,0.9804146793673121,0.019585320632687992
1184,0.982814197709155,0.017185802290844945
1185,0.99966131144551,0.0003386885544899874
1186,0.05962398610449337,0.9403760138955066
1187,0.9744136499167433,0.02558635008325677
1188,0.9778931160566592,0.022106883943340854
1189,0.9922551170964748,0.007744882903525245
1190,0.016248109456215604,0.9837518905437843
1191,2.3182930416190396e-06,0.9999976817069584
1192,2.4748606162285367e-07,0.9999997525139384
1193,0.023444752605308254,0.9765552473946917
1194,0.977320571750946,0.022679428249054
1195,0.9902596029160243,0.009740397083975753
1196,0.9835040610631376,0.016495938936862332
1197,8.279425053621979e-07,0.9999991720574947
1198,0.9889617438074966,0.011038256192503473
1199,0.12775775319548088,0.8722422468045192
1200,0.9800421772133855,0.019957822786614628
1201,0.9998951179406509,0.00010488205934907923
1202,0.00813936236311992,0.99186063763688
1203,0.06071196980170645,0.9392880301982935
1204,0.013021175035773514,0.9869788249642264
1205,0.9610935197800949,0.03890648021990511
1206,0.9925977069007348,0.007402293099265225
1207,0.15640103590166543,0.8435989640983348
1208,1.8109216541230868e-05,0.9999818907834589
1209,0.162235620052517,0.8377643799474828
1210,0.9525309029608993,0.04746909703910077
1211,0.9438177617431153,0.056182238256884814
1212,0.9911421819601821,0.008857818039818001
1213,0.9990873427513532,0.0009126572486467566
1214,0.9665890103938872,0.03341098960611275
1215,0.24611167483135635,0.7538883251686437
1216,5.556780080014689e-06,0.99999444321992
1217,0.8404341371359983,0.15956586286400173
1218,0.9998728004514109,0.00012719954858913596
1219,0.003690596735732189,0.9963094032642676
1220,1.3597725594751415e-05,0.9999864022744053
1221,1.6836125038966835e-06,0.999998316387496
1222,0.08374865435085237,0.9162513456491477
1223,1.334792367837337e-06,0.9999986652076321
1224,0.9508472545356124,0.04915274546438782
1225,0.07704669760487103,0.922953302395129
1226,0.8242611544798623,0.17573884552013777
1227,0.057762732857769186,0.9422372671422308
1228,0.8880323081833656,0.11196769181663412
1229,0.9231630972815176,0.07683690271848238
1230,0.06569356730454362,0.9343064326954564
1231,1.3883639269230924e-05,0.9999861163607308
1232,0.01543775084282381,0.9845622491571762
1233,0.05069403314051448,0.9493059668594853
1234,0.03234771981592858,0.9676522801840716
1235,0.9861424566693646,0.01385754333063546
1236,2.5776549060803055e-06,0.9999974223450939
1237,0.9991913474529305,0.0008086525470695328
1238,0.02219650797176879,0.9778034920282312
1239,0.9383010074248297,0.06169899257517049
1240,0.15006894283177913,0.8499310571682209
1241,0.9394900984227873,0.060509901577212685
1242,0.013706511489759519,0.9862934885102402
1243,0.11710174597812414,0.8828982540218758
1244,0.13265434706770107,0.8673456529322989
1245,0.01352309176479029,0.9864769082352097
1246,0.9851015025190377,0.01489849748096226
1247,0.9831935175990717,0.016806482400928288
1248,1.5076818290546584e-05,0.9999849231817095
1249,0.9130647365583618,0.08693526344163821
1250,0.027351123271217005,0.9726488767287831
1251,0.9657390161704418,0.034260983829558236
1252,3.0977203047251876e-06,0.9999969022796953
1253,0.5691330413326714,0.43086695866732877
1254,7.037743997692969e-06,0.9999929622560023
1255,0.058905061935182836,0.9410949380648174
1256,0.969363873187346,0.03063612681265399
1257,1.0596159967122385e-07,0.9999998940384003
1258,0.1557627952867373,0.8442372047132627
1259,0.003396404909114288,0.9966035950908857
1260,0.9699213230481949,0.030078676951804998
1261,0.999789808357436,0.0002101916425638809
1262,0.47749425148805236,0.5225057485119478
1263,0.9833726434831225,0.01662735651687744
1264,0.9904989415045541,0.009501058495445965
1265,0.019809866365486227,0.9801901336345139
1266,1.499952697071766e-05,0.9999850004730292
1267,0.1079247429861236,0.8920752570138765
1268,0.014661634859709267,0.9853383651402907
1269,0.9994061049242605,0.0005938950757394762
1270,0.9898694916637516,0.0101305083362484
1271,0.04596504113605728,0.9540349588639427
1272,1.0913568302650884e-06,0.9999989086431698
1273,0.5,0.5
1274,0.03586685386540014,0.9641331461345998
1275,0.08765190082764952,0.9123480991723506
1276,0.9999124276725331,8.757232746696401e-05
1277,0.9389036621627711,0.06109633783722898
1278,1.4213162585141196e-07,0.9999998578683742
1279,0.9687078563114436,0.03129214368855635
1280,0.05134875892697694,0.9486512410730232
1281,0.05175881728323918,0.9482411827167608
1282,0.01711751473164629,0.9828824852683536
1283,0.9746754745982288,0.02532452540177117
1284,0.05695321006963972,0.9430467899303604
1285,0.9341519435060914,0.0658480564939085
1286,0.03844936633501968,0.9615506336649804
1287,0.9824461807655795,0.017553819234420617
1288,0.8741792792301911,0.12582072076980885
1289,0.9876018939718479,0.012398106028152124
1290,0.02241855541540019,0.9775814445846001
1291,0.9824735111149644,0.01752648888503553
1292,0.9905323416717544,0.009467658328245605
1293,0.16534927465935223,0.8346507253406475
1294,0.9608380173746764,0.03916198262532353
1295,0.9758117655791447,0.02418823442085544
1296,0.04689853345198097,0.9531014665480189
1297,2.727499760651597e-07,0.999999727250024
1298,0.3627446289454467,0.6372553710545533
1299,0.9523095662767327,0.04769043372326747
1300,0.03521060210048538,0.9647893978995146
1301,0.970494900291344,0.02950509970865588
1302,0.46136063443807707,0.5386393655619229
1303,1.5825106338336616e-05,0.9999841748936616
1304,0.9874368783573474,0.012563121642652688
1305,0.05369500264784732,0.9463049973521527
1306,0.027633457554512263,0.9723665424454878
1307,0.9512076546826859,0.04879234531731414
1308,3.923961213294716e-07,0.9999996076038787
1309,1.1502226853268439e-05,0.9999884977731468
1310,0.01236497087005017,0.98763502912995
1311,0.011802192075431218,0.9881978079245689
1312,0.032642932878020905,0.967357067121979
1313,0.032064129425864354,0.9679358705741358
1314,0.01061648587345309,0.989383514126547
1315,0.029646290892226725,0.9703537091077733
1316,0.9823851120436442,0.017614887956355792
1317,0.0447988698607946,0.9552011301392055
1318,1.4217514291727936e-06,0.9999985782485707
1319,0.11877286684973111,0.8812271331502687
1320,0.9997646314874448,0.00023536851255511916
1321,0.9570578393651938,0.04294216063480627
1322,0.9554600497805884,0.04453995021941157
1323,0.9986583899893662,0.0013416100106338133
1324,0.9939258559517098,0.006074144048290146
1325,0.9790762487697318,0.020923751230268135
1326,0.009058923047428781,0.9909410769525712
1327,3.720349404346033e-06,0.9999962796505957
1328,0.27025099253774904,0.729749007462251
1329,0.06700658330328224,0.9329934166967175
1330,0.9615436221843324,0.03845637781566752
1331,0.9997660476557059,0.0002339523442941424
1332,0.0089749417650731,0.9910250582349266
1333,0.9911389177134166,0.008861082286583489
1334,0.002836106185420579,0.9971638938145795
1335,0.9984719955036852,0.001528004496314895
1336,0.0030183517936009105,0.9969816482063992
1337,0.981184151699533,0.018815848300467005
1338,0.023632526720898318,0.9763674732791017
1339,0.12207058614391113,0.8779294138560888
1340,0.999868518215587,0.0001314817844130535
1341,0.7539638711804846,0.24603612881951528
1342,3.159132302650089e-07,0.9999996840867696
1343,0.04861848516969067,0.9513815148303092
1344,3.7579239034231337e-06,0.9999962420760966
1345,0.9701037918234605,0.029896208176539502
1346,0.009332649401155866,0.9906673505988443
1347,0.020690551642228088,0.9793094483577721
1348,0.01736277609379125,0.9826372239062087
1349,0.8710767546385155,0.12892324536148442
1350,0.9898454770608706,0.010154522939129405
1351,0.048878970103537915,0.9511210298964621
1352,0.8965517870892664,0.1034482129107334
1353,0.023204895993137884,0.9767951040068619
1354,1.071653976722867e-06,0.9999989283460233
1355,0.018729687907449253,0.9812703120925508
1356,0.1341787130681488,0.8658212869318511
1357,0.9996559017044213,0.00034409829557859056
1358,0.025826781541375403,0.9741732184586244
1359,0.06998003096478521,0.9300199690352151
1360,0.977717237203908,0.022282762796091985
1361,0.07485783183164475,0.9251421681683553
1362,0.025776416973364132,0.9742235830266359
1363,0.9682718858256297,0.031728114174370194
1364,0.12508580738760688,0.8749141926123931
1365,0.9569022600028001,0.04309773999719993
1366,0.95606425230709,0.043935747692910004
1367,1.2459884239337457e-06,0.999998754011576
1368,0.04397055945728549,0.9560294405427145
1369,0.026937608828763927,0.9730623911712362
1370,0.9862501048069665,0.013749895193033474
1371,0.9645373576268735,0.035462642373126574
1372,0.0439827449929908,0.9560172550070092
1373,4.823214029840092e-06,0.9999951767859702
1374,0.06496179559114645,0.9350382044088534
1375,0.9881825406054376,0.011817459394562406
1376,0.051053562922451536,0.9489464370775483
1377,0.024795048335238462,0.9752049516647615
1378,0.9806646645053757,0.01933533549462428
1379,0.9929616843717676,0.007038315628232406
1380,0.9993625793268424,0.0006374206731577199
1381,0.9366445631403847,0.06335543685961537
1382,0.05487759223532256,0.9451224077646773
1383,0.9932541003320969,0.006745899667903145
1384,3.357423138178594e-06,0.9999966425768618
1385,2.3211309060109697e-06,0.9999976788690941
1386,0.04787986289176616,0.9521201371082341
1387,0.08636688433312154,0.9136331156668783
1388,0.06277042067154759,0.9372295793284524
1389,0.9993947188349348,0.0006052811650651772
1390,0.9789408170223652,0.021059182977634663
1391,0.13718341801539588,0.8628165819846042
1392,0.9803562821396287,0.019643717860371356
1393,1.3697454798964988e-05,0.9999863025452009
1394,0.9997762808545727,0.00022371914542742189
1395,0.04836510472502639,0.9516348952749735
1396,0.08636036787939277,0.9136396321206073
1397,0.027767639510856444,0.9722323604891435
1398,0.984779610108395,0.015220389891604983
1399,0.9996708392476776,0.0003291607523222725
1400,2.627521313979389e-06,0.999997372478686
1401,0.9831755736409815,0.016824426359018478
1402,0.9680897881338444,0.031910211866155745
1403,0.999770811257593,0.0002291887424070107
1404,0.010269284191410523,0.9897307158085895
1405,0.9996172343040565,0.0003827656959435741
1406,0.9791769618440134,0.020823038155986736
1407,0.010899571926257035,0.9891004280737429
1408,0.9987576701092634,0.0012423298907365222
1409,0.0656584298584937,0.9343415701415063
1410,0.9929595715106976,0.007040428489302447
1411,0.961541640649203,0.03845835935079711
1412,0.06369612859362737,0.9363038714063725
1413,0.16396435769772758,0.8360356423022723
1414,7.146885350341155e-08,0.9999999285311465
1415,0.003421162296648802,0.9965788377033512
1416,0.002771184609408184,0.9972288153905917
1417,0.9987181793808554,0.0012818206191446127
1418,0.012297735569109895,0.9877022644308903
1419,0.03004229950976089,0.9699577004902392
1420,0.9780247834886632,0.021975216511336867
1421,0.9894225035790857,0.01057749642091434
1422,0.002538960694926679,0.9974610393050732
1423,0.9382271207056595,0.061772879294340645
1424,0.018354384968604042,0.9816456150313959
1425,0.9433668235814011,0.056633176418598975
1426,0.9809321943533279,0.019067805646672095
1427,0.23841261807159636,0.7615873819284034
1428,0.005137941450920482,0.9948620585490793
1429,3.9162964033493635e-07,0.9999996083703596
1430,1.1724757443125322e-06,0.9999988275242558
1431,0.9385006481543974,0.06149935184560255
1432,2.0324310832649214e-06,0.9999979675689168
1433,0.005044759066112037,0.9949552409338881
1434,0.9931269614459688,0.006873038554031137
1435,4.617293784718978e-06,0.9999953827062152
1436,0.9785522221593655,0.021447777840634345
1437,0.12052421912173665,0.8794757808782632
1438,0.2990605689616305,0.7009394310383694
1439,0.9636975585538194,0.036302441446180424
1440,0.11790310109991722,0.8820968989000827
1441,0.10100467271105312,0.8989953272889466
1442,1.1112962877504395e-07,0.9999998888703713
1443,0.15115339593889884,0.8488466040611014
1444,0.017131309094585927,0.9828686909054142
1445,1.696622882582472e-05,0.9999830337711741
1446,0.9402185953834296,0.05978140461657039
1447,0.9854352567666101,0.014564743233389792
1448,0.9548798279664515,0.0451201720335485
1449,0.8861783566210776,0.11382164337892227
1450,0.979065461499732,0.020934538500267965
1451,0.9992273857637627,0.0007726142362374834
1452,0.8572107612994898,0.1427892387005101
1453,0.9254680149721611,0.07453198502783918
1454,0.9995657974567466,0.00043420254325329447
1455,0.9322428673279523,0.06775713267204753
1456,0.07233370594763282,0.927666294052367
1457,0.9868731129817546,0.01312688701824548
1458,0.008139636271072176,0.9918603637289277
1459,0.6628895302650094,0.3371104697349907
1460,0.785944756420398,0.21405524357960198
1461,0.930839210652486,0.06916078934751406
1462,0.011304296807384364,0.9886957031926156
